"1016","102","1033","1055","1056","1058","1059","1061","1062","1063","1068","1075","1084","1102","1103","1104","1124","1126","1131","1140","1155","1172","1173","1175","1189","1190","1199","1200","1201","1206","1215","1216","1223","1260","1261","1297","1300","1302","1303","1308","1324","1325","1327","1329","1348","1349","1356","1357","137","1376","1415","1421","1438","1439","1477","1486","1519","1588","1653","1656","1689","1730","1754","1760","1785","1793","1796","1797","1807","1808","1809","1823","1866","1868","1869","1870","1872","1891","1926","1934","1948","1962","1963","1964","1971","1972","1973","2030","2032","2050","2052","214","215","250","373","384","428","455","471","480","488","526","528","529","530","531","538","543","577","580","603","605","610","622","626","629","631","634","643","661","666","669","68","701","763","767","769","772","802","840","849","851","853","858","859","869","880","886","899","901","933","982","985","986"
0,1,0,0.0427739353236815,0,0.0371112992462243,0.889583883441169,0.0367513790123694,0.845706544538219,0.133518934474851,0.80082291179774,0.130658357101112,1,1,1,1,0,1,0.00331918843416586,0.0622970252282338,0,0.00231224745467929,0.0197968404738159,1,0,0,0.731876982659133,0.712264530612627,0.680064021555188,0.0233131138516351,0.474328423184533,0.245622305963079,0.340137780816001,0.529646160056887,0.185295768738961,0,0.342823921454879,0,0,0.00102728051988005,0,0,0,0,0,0,0.0471096798638195,0,0.191383793436934,1,0,0,0.0318833792207721,0.0933034989529819,0.324344172243067,0.627876253671125,1,0.0106280236528583,0,0,0.667876950002543,0,0,1,0.350319587424714,0,0,0,0.0110257070139997,0.0166649071130156,0.0261168542737264,0,1,1,1,1,0.673103454667517,0,0,0,0.319371376217542,0,0,0,0.89932720574435,0.654387206350877,0.737330834850923,1,1,0,0.76149829125906,0,0.997744785782833,0,0.0728056316224884,0,1,0.989495651337126,0,0.402087020065535,0.759096378246463,1,0.882877992125124,1,0.893208393836706,0.78911231158699,0.845884260136444,0.947368061341257,0.264798654938258,0.114202527359724,0.0773783357400775,0.0274794335465062,0,0.00875569357513662,1,0.913198500879113,1,0.72272894454805,1,0,1,0.00372013282321947,0.888750119022097,0,0,0,1,0.31830874445294,0,0.441882587935012,0,0.0476036452257247,0,0.441465820856754,0.121036956007389,0.00880042671538834,0,1,0.0195277622781775,0,1,0.204122316768291,0.205180603537631,0.190566356627522
0.194698439107449,0.585650125525815,0,0.033640354991076,0,0.0336107289878788,1,0.0368420493424855,1,0.152338253930672,1,0.088472129751108,0.618252397916074,0.781892621936641,0.730434044476503,0.773931980774588,0.0370479930846238,0.943247973009691,0.0103549109816936,0,0.65014859505522,0.00471333678193886,0.00559119608891091,0.712398872208517,0,0,0.98465177321303,0.961159369657358,0.992317153991583,0.0111573893403265,0,0.914936905156117,0.725627799471716,0.0976634184644397,0.119588740036039,0,0.279711725035715,0,0,0,0,0,0,0.00144728519994334,0,0,0,0.0960471590380597,0.078867362204587,0.918081412788988,0,0,0.0194190739197525,0,0.257497486387674,0.835830609317581,0.628210288914165,0,0.395935834057417,0,0,0,0,0.652561727421651,0.248744819470023,0,0,0,0.0111736275580424,0.00866804948708832,0.0287866085505671,0,0.495884525407504,0.529804951939363,0.318754627896822,0.492124529986865,0.317286544341976,0,0,0,0,0,0,0,0.59797525411123,0.342981645786558,0.281591174505581,0.437683144972967,0.486041334592156,0,0.141290702411764,0.52200281774369,1,0,0.0358338284254981,0,0.657335650852074,1,0.569594502128134,1,1,0.967196906822654,1,0.948868600622445,1,1,1,1,0.0766765651144979,0,0,0,0,0,0.945424081707438,1,0.660413954994334,0.638783038575475,0.73615377205524,0,0,0,0.842596166307646,0,0,0.0952343291197309,0.403536398260608,0,0.0950325495062349,0.241806301098364,0.00838218467036453,0,0,0.533473251183296,0.0245694757035376,0.00432081636688691,0.228678822704577,0.848456514307272,0.0272020687513293,0.00658191668316944,0.715710224296245,0.0687161705385593,0.0983249441617042,0.112585053656737
0.163342265185501,0.32685235798239,0,0,0,0,0.803564988941744,0,0.67274067367442,0.000120735593277287,0.696264436744705,0,0.0374215555564991,0.483873852424204,0.420448093019249,0.47093079963133,0.172273338767972,0.0398098572862261,0,0,0.738983797367949,0,0,0.254270642954249,0,0,0.578815134783091,0.56754313421695,0.601614445252011,0,0.355663118641361,0.615786027072807,0.454778859816121,0,0,0,0,0,0,0.00729535214796144,0,0.0458662794748874,0,0.0189007809468386,0,0,0,0.0783713381435961,0,0.211854479927606,0,0,0.0221717524534969,0.102288352710963,0,0,0,0,0.709751350332544,0,0.491240839131577,0,0.0246726659354003,0.187881764951048,0.281171622530202,0,0,0,0,0,0,0,0,0,0,0,0,0.0783385608860477,0,0,0,0,0,0,0.702786379215598,0.598486862137485,0.541256875794274,0.464374286975894,0.488778715804058,0,0.184587033132547,0.658735462440312,0.770494090368089,0,0.0292380410996454,0,0.171910986487281,0.684886355909132,0.60740885920062,0.135096909098249,0.572732281234197,0.610710170485669,0.835318268363077,0.906134395359904,0.981186565882881,0.836559684813408,0.454707958121258,0.498650518089825,0,0.128788726379055,0.314417461535379,0.322417113932483,0,0.0172886090943779,0.757521403672183,0.405749057938138,0.282224272840106,0.975852422539329,0.402233295482208,0,0.0149621939726993,0.0143194630157276,0,0,0,0.0769082013232998,0,0.253866377596784,0.338862277017474,0.0887475558399888,0.0142653236777707,0.139145866127748,0,1,0.00115384792370739,0.0217122531935555,0.263981449906039,0.589923317991504,0.0401586607648832,0.0247568456483974,0.20398681685458,0,0,0
0.0823746827245286,0.344049256751961,0,0.0190521016003858,0,0.00122784832885454,0.941757029435098,0.009076042265556,0.543136634249585,0.239822398862259,0.64989854172065,0.0199374950762908,0,0.72888097950849,0.565735440432736,0.574064973925875,0.155353593732587,0.0632774488677154,0.00271313092861357,0,0.713480611995356,0.00525242101914942,0.0133318247702277,0.56031207499554,0,0,1,1,1,0.00332356370414015,0.922475349665237,0.642840810579762,1,0.337070409730369,0.135003251603152,0,0.110168633031726,0,0,0.00213988098614263,0,0,0,0.0108932973090811,0,0,0,0.0765151735521394,0,0.343774621513181,0,0,0,0.0671898204055589,0.13391016631947,0.0959005113050672,0.17104886294255,0,0.445936267574499,0,0.158664345346706,0,0,0.321002579298541,0,0,0,0,0.0141234899152847,0.00987088092455201,0.0351520489301241,0,0.00841591281714199,0.171589916480654,0.135994920578066,0.272199123692356,0.518573392207666,0,0,0,0,0,0,0,0.613356700379112,0.437884826633619,0.43242786605588,0.37246699096997,0.416840458053666,0,0.348031645229878,0.65794341270805,0.777878777886756,0,0,0,0.249744187214332,0.656068255927077,0.464715797499603,0,0.797431322733278,0.774516581666203,0.80914429915546,0.767369014993853,0.879174968749651,0.850166200420159,0.605460526465695,0.667996627769336,0.000639052705621081,0.0487710535841013,0.378229328837446,0.46591903415242,0,0.00508761920654326,0.657979534092072,0.511971097090369,0.279540067994172,0.539798016015053,0.427364809557275,0,0.0123999346838583,0.00926802303000538,0.427718224771968,0.0416209285133348,0,0.0568251781971692,0.218752669780038,0.330308058127442,0.274751964344869,0,0.00437752031019991,0.0117460245370658,0,0.77668022185534,0,0,0.0467853546120081,0.550730505002673,0,0.0494118972685801,0.460965627384606,0.0207405441043,0.0481144615025193,0.0374112607967643
0.504032170533831,0.0755410028709348,0.79736678996564,0.774405480759408,0.853842128378235,0.752536808517444,0.168449586715469,0.889507599225457,0,0,0,0.921003379376685,0.260055431242755,0.0440440157102705,0.0459278253469833,0.0498826435309992,0.507370263198617,0.00467632558504757,0.982132339907446,0.754324075527709,0.923660121501958,0.805596019872012,0.654368522038169,0,0.788447894240939,0.78374488830271,0.121682970322259,0.113665339553132,0.113653787078918,0.993074910872188,0.205005113221637,0.323157735519391,0.0693381961071729,0.735627950273647,0.861601873975226,0.951454837224924,0.34441390530968,0.912802481551563,0.892732480632818,0.931005294138692,0.830722508579592,0.88357690282891,0.890097985332238,0.929613062862917,0.872618574684373,0.896443844449404,0.98593455757187,0.713263857588619,0.315496790563541,0,0.722939209481037,0.775811658156821,0.75109829236396,0.790265235095443,0.692783749590028,0.23912196440844,0.409741975335282,0.64708979400418,0.272680415633497,0.691511221227288,0.710788528314978,0.206632838065669,0.803846858401625,0,0.816908589754833,0.982717603819907,0.888316681092607,0.981025522923221,0.837211967308239,0.88856781980093,0.841833186882417,0.0149976823126044,0.363255873338418,0.451588262088637,0.20989313134735,0.423450554600108,0.482787019611455,0.601518014033503,0.679425602270403,0.456120596212821,0.742552982512302,0.0181124341471301,0.0494038904720832,0.0198061022696994,0.226641851806812,0.240160069132965,0.179781916881067,0.184592590927016,0.193407621940076,0.748687128086021,0.025952610955103,0.343843334495424,0.0407072289115185,0.944607723438378,0.91708543647014,0.859731512870161,0.0934650967899691,0.12586770117767,0.632528463477262,0.114162467854736,0.0152998730452375,0.00452723927690297,0,0,0,0,0.0168995512791637,0.0014017458570436,0.661066289833583,0.509222004510727,0.773376115499977,0.673121190527251,0.70073739224457,0.806211146655126,0.0258234662084752,0.468242584946574,0.0635153526523123,0.265867593027949,0.0535604298040362,0.568084453435405,0.626103506095028,0.751931224282191,0.516835712120159,0.80722784475857,0.642427547053093,0.83343170453788,0.181898007165457,0.537493902959139,0.810743223197579,0.881759761626678,0.797305038193985,0.871975900501785,0.816459670583994,0.00467048801163545,0.818012147002428,0.888226823109107,0.596228785879837,0,0.661493155851755,0.950733483632494,0.0680881537811001,0.774073350068841,0.846608532915699,0.675724865440421
0.730511776739034,0.0982150816675356,0.979631769206781,0.745382149247676,0.946106883728839,0.78691945907077,0.105140304338516,0.75902080708599,0.13759275602441,0.735971035753151,0.203268818360485,0.870217457841081,0.0989335164765176,0.128635104180926,0.0809045542094954,0.0985237079420559,0.493546803564254,0.00275539171264404,0.752482333754887,0.967234932279104,0.870530065943018,0.981834263866309,0.934571315529755,0.217418481384964,0.591611488047382,0.595201022264982,0.202967842568352,0.194380109891558,0.217827549182992,0.83739471548093,0.838479899908393,0.113512866881135,0.124259698542714,0.831064527737484,1,0.855593928009617,0.537997010652204,0.870712656191162,0.979340295139788,0.907808010069289,0.865989645803213,0.954383271423923,0.91501477522925,0.865827080375985,0.91747207589627,0.998586125213435,1,0.772311683549634,0.525609264858373,0.262395425980243,0.731181178896607,0.929769339253201,0.666314317253141,0.751976642420077,0.75621602680293,0.596823622333913,0.166713652404788,0.480869341104563,1,0.873661303229664,0.330816982870618,0.443160679355113,0.774992507818624,0.0425450505637402,0.925405743351241,0.883449639724301,0.847713017209439,0.982472504080865,0.803138122088983,0.842248983331763,0.814622872299144,0.0316035468781658,0.353390515783721,0.310831070287321,0.2703283383933,0.490488016951074,0.811044671855532,0.589027576689655,0.631275727124301,0.576007878929432,0.813780520062964,0.0333759668633199,0.0666195556841555,0.0396056819217432,0.276611100225324,0.329059086620524,0.28528259546238,0.0342928691864756,0.0475380627886956,0.750061153224476,0.0133098416236228,0.645369459993393,0.0372299886115554,0.789781978012464,0.892560830141533,0.676726418029979,0.0770301189116242,0,0.567688561553593,0.0724212750324492,0.0135237258333259,0.0451967560471719,0.0389565272093693,0.0649821355409317,0.101875036687587,0.0537572092284642,0.087944533961144,0.0814219358217494,0.589223882555015,0.468300524932243,0.587125872475701,0.745612233823165,0.755497317227726,0.780800604492757,0.105496010251942,0.204635150728939,0.157901138632562,0.297667437149585,0.179674313448127,0.877028691790461,0.621824318069121,0.880317631961113,0.715490247114491,0.978167448720443,0.649410896892621,0.775373746059226,0.219784669141762,0.593360573691671,0.56771218128557,0.706716874841895,0.733907473477167,0.802314610204845,0.815129074052611,0.0472843133655614,0.881113342867325,0.927521791897546,0.916205972927659,0.0254004877703229,0.557526154237729,0.810685125117862,0,0.756463965203125,0.80301961958406,0.740324792312805
0.865507725493208,0.167878611335474,0.80875462776368,0.781923607835182,0.795779990275038,0.793762657432434,0.473636317737256,0.998602281658831,0.276656737125256,0.925970730230996,0.275828364882653,0.913803273496356,0.462342739589923,0.127099784565545,0.0999764789707289,0.104316143915365,0.56168424871744,0.00446068658175074,0.826775833021188,0.863160736628275,0.917724359909391,0.756292837871848,0.720291611317621,0.0451873783708329,0.492355920355281,0.496035638594645,0.357894939592177,0.356686739629594,0.390034278577572,0.694522973268775,0.527231222473116,0.221613151406068,0.355274829268275,0.870960295167024,0.671590989849463,0.762350900247326,0.457398230911165,1,0.918425951728882,0.922702167202609,0.898514016388815,0.9425126671209,0.895682200979497,0.970578061409507,0.738626937451956,0.906415864864513,0.936472438087417,0.753231453413209,0.635752026736866,0.430216404835263,0.767767375546056,0.89502833770779,0.62653712825954,0.706319609193793,0.682737815827361,0.834058640323823,0.517461851125275,0.551380320049284,0.666341291060699,1,0.453677896397206,0.726473830563415,0.879236564898789,0.0764948814325835,0.921695375878981,0.931848385285796,0.97500540532002,0.997954344561826,0.806925843378753,0.815564309075693,0.818697637817645,0.0338418205392141,0.681649621594673,0.67814068664223,0.776841002055092,0.859651714970781,0.744256711552263,0.80416693240289,0.695330850751405,0.680296891597472,0.758020794411586,0.0417951169569812,0.0763192414987709,0.041478452873408,0.581922576090534,0.618945604396617,0.54164121097522,0.0102334720077084,0.00935353526141341,0.817635459653205,0,0.507405913083445,0.0333863142695307,0.829594141031113,0.781570256169529,0.824168865010414,0.220375239189686,0.41089960577393,0.532930433634994,0.106938138054924,0.0613773126026932,0.0948667937380192,0.132687808623994,0.204452551111125,0.292470534654406,0.180762956252862,0.1747408431661,0.201642414631868,1,0.784410385479821,0.5957900032799,0.774639917386176,0.922907673073701,0.747596041808686,0.13742208139389,0.168027200844286,0.1814057525228,0.648325088830314,0.318146854457599,0.825587611467129,0.722723170876297,1,1,1,0.839068573714709,0.883895672925167,0.346912188972832,0.91112281530607,1,0.997153301352689,0.801778871295831,0.958818594407609,0.901268933321689,0.146896766270436,1,0.999880908984173,0.443214517030445,0.0682875342678185,0.870078849704376,1,0.0378938844006058,0.945052651097286,1,0.977967466812157
0.745883216663944,0.0224722721138761,0.879240953938993,1,1,1,0.50946286068455,1,0.0591897880348603,0.00122869308193878,0.0590125605508556,1,0.351237914885125,0,0,0,1,0,1,0.831244261444998,1,0.914932760381293,1,0.250771442339612,1,1,0.0840970548892381,0.0752079844854326,0.0983381638477538,1,0.21969836427039,0.536327200491654,0.38553659880824,0.251250050451066,0.48527145103795,0.813137673775837,0.226607316986664,0.925218618608251,0.965810276917961,0.961459757830617,0.997655533091413,0.986366070639631,0.970080787020456,1,0.858818432709648,1,0.892157403988514,1,0.609475365807675,0.0695327617795347,1,1,1,1,1,0.234384618929448,0.355635517554374,1,0.688827657497213,0.840404690775772,0.34447632766904,0,0.879105806750818,0.00996368314108141,0.841167190495454,1,0.860097991082668,0.967552081970202,1,1,1,0.0231069769582789,0.511504156952923,0.551864823727642,0.499161596134559,0.625905831150531,0.505077940139795,0.252612850536394,1,0,1,0.029304493147407,0.0587682692857267,0.0317260969286379,0.120897828334127,0.15694750912593,0.160402436437584,0.0288774220396322,0.0575498737590171,1,0.0146999453015811,0.590332971648902,0.0167079669390602,0.901583266988324,1,1,0.181232413265271,0.0888364967076637,0.75932666754746,0,0.00972517367709671,0,0.0276289508032625,0.0294426078664099,0.0729107274741361,0.0357372602732224,0.0565502006983296,0,0.965041338101656,1,0.704430833435985,0.871438218708353,1,1,0.143385671416108,0.354132137389641,0.288116021801306,0.668821798464612,0.318557672824869,0.698549217659497,0.638036226720974,0.871059520648426,0.728443940362857,0.92888927779124,1,0.925392935570955,0.274633721423204,0.761958455947501,0.972042956551734,0.759929176206838,1,1,1,0.104357159991067,0.947041234973949,0.945035860283755,0.759302123484817,0.0521579220728707,0.291557439378243,0.715609652205895,0.121607251102566,1,0.998193750165921,1
1,0.0424036996515432,0.965509193995615,0.921136910291271,0.903050344528239,0.807197193812942,0.708498230272867,0.885391161958256,0.233725349528156,0.00390032899016516,0.233025523476734,0.834763043371006,0.349062488058187,0.131603793730495,0.0604423173710337,0.0516794276323468,0.31500593791613,0.00844349173174304,0.870048969080548,1,0.974462727912384,0.792428350985323,0.779311170751808,0.128757538103769,0.381793626368155,0.423904045550152,0.146130242230466,0.135571092919413,0.123329538809857,0.917867850092476,0.0776074196349884,0.694642124462253,0.450180889291532,1,0.930405764201406,0.852917602009371,0.404995488770025,0.909373025466583,0.932774715752629,0.962327297347865,1,0.999463913738847,1,0.92818898390646,1,0.958350387750801,0.978668434461746,0.64824636077305,0.754542548381578,0.259983199208983,0.789027325595445,0.82458075241787,0.661570438685429,0.764324680120678,0.423972689099704,0.230032470788309,0.3548115077594,0.57114178701659,0.368110146849613,0.798835970924158,0,0.845942394432059,0.938331287960883,0.0488562899054505,0.911381276633464,0.839941323731423,0.921566514631316,0.963616034049862,0.846545089961049,0.865784951516467,0.845280956811738,0.888124949247493,0.590167879153491,0.550976503058155,0.685340593218277,0.772130860203255,0.784932364606123,0.745706455888846,0.829226925920378,0.861140304382944,0.659807459151978,0.829615271228209,0.805254798080607,0.767044354000549,0.300341480522994,0.129537613574464,0.203678942292701,0.568527917313032,0.588089308977313,0.818168308656001,0.175755538365912,1,0.0316412245379193,0.791596375905297,0.829481699310251,0.928004537864654,0.0987456278409098,0.432868276351517,1,0,0.0354676999043358,0.0640354216745465,0.136376933895613,0.257196813017025,0.241651950977043,0.135575530464551,0,0.014698498001172,0.683570904476602,0.675997671896853,0.934717372043081,0.878754932951579,0.631673932129454,0.772837344947638,0.170994975492227,0.24290401993461,0.168088068641735,1,0.250800935664634,0.728713824596297,0.681121080110098,0.862611450273818,0.427258659697278,0.89107349450693,0.770881438242676,0.759991417255849,0.180499339290619,1,0.858938961377617,0.916484026367366,0.71409856933202,0.903946393612371,0.803586252293988,0.128562308552052,0.760129018106787,0.718408041368714,0.336544816037616,0.100104628820398,0.646590321929872,0.767338851796737,0.146281870080525,0.803781031406586,0.835707439101571,0.757538029553587
0.989319134681297,0.0104497883343609,0.827694478006056,0.829528885491612,0.905891441383204,0.852020784549203,0.319965621041037,0.984434320339903,0.254750099202266,0.0045626478888337,0.253987320340734,0.892600311470353,0.451632047792728,0.0701144842316783,0.0688827396875901,0.0546444671449413,0.557665130701385,0.00521765579554596,0.866915094285927,0.758421582199894,0,0.857047394016679,0.722040670104232,0.184051068781217,0.362218854172703,0.390631727903539,0.134807402797842,0.137221376796242,0.154237487922801,0.740927340775392,0.280268384276301,1,0.320355999732892,0.770497232341392,0.452406980329931,1,0.481457314338715,0.918526397488551,1,1,0.810652320356633,0.982497679585302,0.895882059589009,0.788965519155097,0.630297568380494,0.886225334952672,0.842621657015583,0.560538521175961,0.249220334751991,0.263614136911343,0.754818456811242,0.773520762908668,0.719925810417846,0.779508248692438,0.558640072281407,0.720025530806065,0.387963154280931,0.631294317748129,0.565819106016072,0.979346453788178,0,1,0.930714245941025,0.0518272573850875,0.794508426052443,0.94600745918249,1,1,0.872869361765233,0.896786736364117,0.857803399768888,0.921043598154274,0.582005700230563,0.465009425825316,0.839973538395539,0.627363555408768,0.742072499303459,0.673363872453665,0.797926018629029,0.692432655617172,0.782259634447818,0.862124103959556,0.832454580101595,0.811690780785625,0.0772612539727095,0.069792810120703,0.0332431227909659,0.999524419818839,0.96864135281813,0.90261627272149,1,0.72394664305925,0.00236521061130963,0.901975080205874,0.876178197054447,0.803773878288672,0.0521521204766559,0.17866230225177,0.780884219647913,0,0,0.0693645471424231,0.175716488112232,0.315497706647428,0.262518788372462,0.170994094845463,0.0492157419843798,0.0330694763407143,0.800882869237281,0.722406100908897,1,1,0.854477552991196,0.774220195861888,0.147069689428223,0.189328893651775,0.162683341427878,0.5133710618458,0.182760611641285,0.747284430528591,0.61743143897782,0.857371288854259,0.404734212913236,0.870170890215303,0.640792568975184,0.98262950786259,0.329037187215712,0.934013400772355,0.638653780294169,1,0.697029562558264,0.721004224710328,0.866317208309664,0.105926974503419,0.823212783520666,0.874722569491545,1,0.0634234841753361,0.621442116185004,0.951314509101101,0.065704647602458,0.877892573455754,0.914570593824659,0.880544004756819
0.674574511010843,0,0.738215394074279,0.950573618756483,0.97394031390184,0.855350890227483,0.531502071500574,0.944492188853779,0.201422144723362,1,0.200819041703106,0.742452408571337,0.230153661943724,0.0771250590688187,0.0714112294402719,0.0773954331125501,0.698195356643025,0.480886661313807,0.958710098489723,0.928146036412767,0.886983984432542,0.998372147954504,0.872041226195257,0.241922013044743,0.417018043656249,0.399978021684664,0,0,0,0.822441894343838,0.555402793241271,0.465692145507415,0.394424583184965,0.896794181123291,0.755086001582639,0.830296033845364,0.390375492077127,0.949796387217277,0.98713450272266,0.984983064587958,0.943119755256894,1,0.918129193425627,0.967710673988419,0.938292050206415,0.967787733663685,0.978373703901126,0.858806150221333,0.180934926210019,0.177931457296928,0.693715848001129,0.846502613602241,0.595437261205989,0.768237980220509,0.779527047131363,0.604924401960465,0.483659597020711,0.717950742979342,0.124025615481762,0.695533266532774,0.291739069540586,0.535384372868411,0.945043225988034,0.0457713627988831,0.82733471575098,0.923283686182899,0.827668101926635,0.912827409371136,0.777250498509097,0.869209640499932,0.76377176548871,1,0.315122904888296,0.407989633696744,0.0785853001264259,0.320719797751759,0.407013135510015,0.559906394059874,0.908367197705115,0.429498477506799,0.945741417381268,1,1,1,0.720836640828288,0.652370360824923,0.67533287987473,0.826344455376166,0.846707715354694,0.798320543589629,0.704080779581479,0.723673486442057,0,1,0.722507308873984,0.704002305361019,0.0976172758102168,0.190290363370926,0.885787297834775,0,0.00776867331351931,0.0503745369340444,0.0603468750713848,0.105000369650124,0.157656614884121,0.0787357913628189,0.0946394151853469,0.148372118765665,0.882911218445891,0.857245155502438,0.7123629973835,0.773933754553056,0.834465829202867,0.854217008590619,0.141131565740382,0.343433276642546,0.167275754141709,0.530405635305072,0.182360232782048,0.913825818851255,0.842404568531787,0.996455092656127,0.645476713853521,0.89451127976235,0.693385719153316,1,0.314317299815199,0.98790526965608,0.890166522282233,0.897623593945967,0.780013827323942,0.844783618375743,0.78103276275248,0.0549238058906551,0.615198391127538,0.530973683734627,0.937903393947005,0.000765451944548719,0.519669328317158,0.685827713345725,0.139101993261808,0.873037569025941,0.909181719906078,0.895235893407055
0.570742324538867,0.0524519780543371,0.932479002368575,0.874833695421525,0.985789649577723,0.797559499673383,0.595077378772676,0.852336829811951,0.204908780488714,0.00189970668226356,0.204295237699963,0.642339380821997,0.323129115944921,0.0832354770863082,0.0571966354146858,0.0443282173865349,0.572891538395448,0.417591085983359,0.761892173972672,0.756635387081888,0.83975099929569,0.908647551963386,0.952058782716278,0.181197590666699,0.370093621161663,0.376289713010317,0.219159904233188,0.210416378662269,0.21051624607882,0.923834988880549,0.699233050058529,0,0,0.3710611082021,0.549338543112438,0.73432456853607,0.265602936291651,0.799845051060586,0.83124260539717,0.801140489172982,0.837879559929345,0.859743514100988,0.848845146272535,0.784063333334469,0.825035142307141,0.929907448100774,0.924863892555709,0.664209133275146,0.435872915219205,0.117544242613554,0.825138830964383,0.720185040302408,0.745130874937534,0.72243941948089,0.538171299433489,0.589121053468789,0.218292815637433,0.51444711686223,0.680952463004439,0.912249891633112,0.356921635269871,0.795079539577384,1,0.0531754931179905,0.87535656662527,0.844430037027876,0.843996131582061,0.884191532874479,0.785701050860423,0.787260274930506,0.780347387906084,0.70545483563876,0.475541903585173,0.499485381598146,0.65648912941801,0.750734692591583,1,0.526310096835632,0.718842952532969,0.49377827784362,0.823966320682109,0.768420561870218,0.770112981032961,0.73806040741455,0.200909218821972,0.23975179786449,0.226024191631229,0.815420743174013,0.877802801805331,0.688915446339657,0.716758336103772,0.509799558927795,0.0196019184033854,0.853352023798975,0.834442220050396,0.864272828663015,0,0.15021206313607,0.252402390529926,0.0585020085360379,0.00768862430720543,0.0564434101715047,0.102004459100737,0.142630703227698,0.138618373395523,0.068973665687925,0.0470955312130115,0.0606673864796922,0.393446355517475,0.558531320500496,0.802455027522963,0.779156942275455,0.73636944594848,0.696116004525673,0.0355237940227475,0.185867835775995,0.106587124278236,0.302522240215919,0.250324039956743,0.813704058033063,0.734571591451281,0.910988723687834,0.567344926412424,0.805204073538768,0.900361591918747,0.789064824377997,0.208960165325296,0.793645502762235,0.719304800069977,0.606185657095849,0.743508270968067,0.812181028128017,0.716828438477737,0.0570332355155144,0.735921084818283,0.905196756418496,0.553453945485509,0.00599697776653113,0.59754425385287,0.893077963739856,0.00530688047408211,0.708101880551476,0.786750617173214,0.593255823929744
0.687126846363849,0.274022739116972,1,0.580849329959496,0.657391023044508,0.60966698802033,0,0.611698800867229,0.359344904306013,0.486638082395845,0.34165523001921,0.863702043279498,0.589606695058106,0.257165534595196,0.260087145093075,0.230633313891668,0.189049302138174,0.545250373722022,0.801742695259711,0.914750167696633,0.862909760885474,0.859575509026961,0.814200955153206,0.274252101488455,0.458298136260851,0.451284965720234,0.248872643924016,0.245756492533949,0.259671856375761,0.613135561383682,1,0.588802277613072,0.641175435592659,0.343926408890008,0.62991368582304,0.973614729654388,1,0.902441493200999,0.795299090939709,0.900289989819843,0.774808537064674,0.885080417485359,0.833193888172067,0.82145870229445,0.789908720541536,0.881977785912104,0.913235382117014,0.535373610272256,1,0.932852915326004,0.751876707151135,0.777494515885209,0.683010506195198,0.748000105432121,0.667847834139295,0.390120851837273,0.637836052167209,0.485856577242954,0.52548427425015,0.91538829982862,1,0.388939882247901,0.926557772216918,0.158739655046957,0.901904831955159,0.821377569516583,0.832368706433932,0.858541828570769,0.757250579901404,0.752895170050281,0.773005304847343,0.868599218567008,0.313322718303361,0.254859639294958,0.114247017844108,0.353976791862268,0.374507831085578,0.897640114023437,0.637290968373388,0.874846358706774,0.831378493732938,0.668167949358039,0.652292249114282,0.617442548892845,1,1,1,0.0684882332758402,0.065087769740114,0.483234354800195,0.0323805471124244,0.237940827382515,0.0497395662486329,0.838417548091395,0.804680327139524,0.772825882930838,0.1193928423898,0.193568829750751,0.391148871328616,0.248593625248586,0.154529980101654,0.202671912994259,0.217695206043027,0.290191252948978,0.257662571453256,0.190023966945661,0.344729374940516,0.309546693347188,0.791937130584227,0.583332599413277,0.706767279953577,0.649255474067754,0.556047399600739,0.668972147229851,0.283114868671231,0.342813402844557,0.305203173061357,0,0.39172011773867,0.653934094569352,0.677773659079475,0.880803306109711,0.723243102413914,0.985873461527817,0.551837145897518,0.722225099787876,0.176080061018776,0.506051791718479,0.607120648225982,0.977397032687127,0.636383184721616,0.932048755603609,0.661614236716371,0,0.889682065435935,0.888775309359179,0.25526562553663,0.194620686746558,0.885609358486328,0.785392584348631,0.257976905898493,0.930808960908535,0.903442200979323,0.796493223097573
0.692491294419017,0.196434214872334,0.711020381350633,0.614274629662004,0.720014341136467,0.707438767965744,0.137596154013558,0.598201076682885,0.312475842999097,0.914339590697139,0.369865180559333,0.882735487921289,0.376194499760102,0.262027369606796,0.185062778554817,0.194033586668709,0.498373140883014,0.015229409910467,0.663266508507064,0.733587685120432,0.829693150497967,0.855946131796291,0.763295045332212,0.209653762446911,0.402634015903142,0.427771349801027,0.270464532382391,0.263405616584069,0.276414759664257,0.806108677787488,0.680897529117283,0.687923929250089,0.668936478682393,0.455568091476046,0.669047897755172,0.887869069738775,0.78543024145243,0.851913547898902,0.859000727346919,0.905750673172792,0.72025440317797,0.816735337496042,0.73980674827921,0.75368533524116,0.824648990405952,0.970975211973624,0.906719101204154,0.483204445245242,0.77158568593085,0.480218230124781,0.742108881890977,0.849009164004123,0.526074077410756,0.681837755746345,0.408745464154554,0.643340487654318,0.331424097877709,0.431682646796575,0.466682895204873,0.807221163618812,0.210743024272931,0.599345918255757,0.814567217485063,0.093077316570027,0.879275239730645,0.722925498027604,0.728410150464646,0.81646004809822,0.591899181738169,0.684948655982063,0.618361489366264,0.740626066391562,0.219205142772603,0.266911171410203,0.133610657831512,0.361095641674987,0.518696655272943,0.784117991416424,0.661846006903339,0.918015820045714,0.594918002543306,0.665782983168122,0.67577718414696,0.610360518755723,0.591134437822922,0.61820217887137,0.629300900828143,0,0,0.715315639446465,0.0140286622936222,0.666124531736177,0.0557950406285224,0.842197607115342,0.850458678217323,0.693237626850937,0.0290091068089983,0.215190628520424,0.158669714126119,0.144339397455396,0.0847681722953183,0.171312924555118,0.206493191470422,0.207423301035501,0.293881698602638,0.219369084261041,0.263119269721343,0.313300919858866,0.933210526220694,0.821832479865855,0.661292577482076,0.809535184273152,0.685895735044951,0.736940000296455,0.217673939866657,0.200463046110445,0.141124278236469,0.487895167174508,0.168987638198919,0.442283654970451,0.428133784899253,0.619741453721444,0.849698437019765,0.707930309329027,0.823792397037646,0.973014765681629,0.405375613941093,0.514757895307819,0.791875068671148,0.711769797093234,0.675193925952079,0.958481179380665,0.739402769834995,0.0872592727952277,0.837438907576463,0.818140866217981,0.664152824577209,0.195613097355119,0.669844039376131,0.847957530345866,0.0450183565164296,0.802246422026707,0.920672288686612,0.777233093147863
0.719077275125206,0.179622716966843,0.865246518892004,0.803056961177059,0.869679505196796,0.866592436923026,0.567691903244471,0.780610970581373,0.23738540931541,0.776663381233125,0.326148848229781,0.871627129460147,0.228718096782822,0.177505698348428,0.204338503019512,0.202141647446935,0.485396668978325,0.530253020105511,0.802337623274777,0.915152044947455,0.809599306885135,1,0.949076023086647,0.368262741020705,0.33186869217275,0.328241135929807,0.353632642693958,0.33657696118551,0.314250120746877,0.90716692847675,0.848643871816752,0.323703036687848,0.780448499545935,0.815447773368377,0.620523614830448,0.77339275798778,0.500910748582376,0.898288517517168,0.851388686401826,0.880126874499249,0.900239910941755,0.923649003686792,0.907779424158961,0.911670227857988,0.761267061988068,0.91822353027252,0.909694975378913,0.657245264713497,0.608567392928591,0.647978320843364,0.868591316471531,0.97947658279811,0.774020120066296,0.786583113389281,0.791295434515838,1,0.527514832719647,0.586597263560178,0.673722788251636,0.890574272204395,0.070316882059207,0.615861235625301,0.985112023443264,0.118181579667443,0.906288585813151,0.81055663324094,0.904279871039572,0.912246433147801,0.774136970781594,0.799787965840499,0.788577793139627,0.835237390821778,0.56931968106271,0.512674765745228,0.601609739990294,0.714109791591749,0.838099987893806,0.858992109404202,0.90512674106896,0.684182629766242,0.946096565601343,0.676841724775284,0.689484146558748,0.631822425833237,0,0,0,0.024557007973222,0.0463332913636594,0.805507096354902,0.0182977228836669,0.549070914957153,0.052235667706656,0.974860032887283,0.866590982306301,0.789932221542433,0.215077548810089,0.220576224527445,0.591252917747915,0.228751560455674,0.106353597573672,0.202138490037427,0.320715656792116,0.509444634314901,0.474941807388317,0.325801351019967,0.365702310944733,0.300951016218843,0.899680483228805,0.783163265028753,0.396762100382754,0.603623641143681,0.671453834397808,0.893579025608042,0.416388729922867,0.596236876638533,0.402275808105337,0.452962747702583,0.355560271787846,0.655919539492599,0.593736971597348,0.803610618024959,0.888981361953269,0.878916174243916,0.749612876796347,0.820107265296974,0.215531988353645,0.197547777543413,0.768824460320967,0.850052245801375,0.643493848620604,0.667388488344364,0.253131120465007,0.0243281914340078,0.929766873643976,1,0.208556522245924,0.194118319156968,0.643043244301961,0.817763732897352,0.164891312773727,0.846926559754476,0.868951363781521,0.772365417229721
0.643930865949739,0.154227616683723,0.803197687336103,0.770100027749655,0.777794842623625,0.752002150075825,0.557350823812478,0.760898198651032,0.268755240614822,0.76254365780412,0.267950527222722,0.689869974783137,0.47686823031883,0.120889370693675,0.129597388956811,0.134199513618685,0.512788910784947,0.486133875007637,0.842988637823545,0.707875319337206,0.91620351514438,0.848467729703076,0.913389526839745,0.376363574892268,0.414438235780207,0.407313960494882,0.233775283262326,0.229703210764409,0.253353937341901,0.764368246814578,0.402452348143312,0.484052502995976,0.346597137904363,0.754940351025375,0.558368677502566,0.920270057234492,0.655966443769312,0.919967738801828,0.878476549875189,0.960201744053031,0.88007804886977,0.992654751967114,0.997320414198392,0.902511626915216,0.845291283851457,0.958918933541793,0.874750321465336,0.553034460716542,0.498197146857249,0.272308542876457,0.779183569712149,0.765287432777016,0.489172905017765,0.659168338666777,0.275239434382107,0.236853801228681,0.330547772464629,0.512626050153044,0.693391110734055,0.917630180102573,0.262536970304477,0.65574650232947,0.916630500738219,0.0584037063083201,1,0.789879787685368,0.852295543858407,0.888046829659274,0.553981194973299,0.596199087421529,0.592418988096759,0.598945885520226,0.316703945372903,0.429129798949278,0.4724692749911,0.626195109002488,0.853767372243451,1,0.837205468552441,1,0.714911911912432,0.579421652813999,0.602368458461914,0.561640084586411,0.334756065818827,0.322375527050711,0.280939617509283,0.0371291969816654,0.0487090355919452,0.624066372709428,0.0150052454293801,0.613883981558011,0.0489742917284818,0.811830222614843,0.783990130518576,0.725777364322774,0.134691393259261,0.324997772213973,0.325067136607988,0.104446361577645,0.0422957186646282,0.0978030475605592,0.104376744788454,0.121665699423689,0.178377095362862,0.115922863466383,0.136772831154873,0.157909149983188,0.682029633145119,0.589412501887805,0.376584035939395,0.583266692138817,0.628946591369506,0.582184141149777,0,0,0,0.334866281157941,0,1,0.752681828557122,0.949789092254876,0.863761028163987,0.800943483408302,0.574359974435528,0.729622809611521,0.224298109813385,0.590821703343532,0.747320486825106,0.907717577799694,0.689586389421345,0.833063714880962,0.791934989615856,0.0649192278400683,0.906488854917327,0.7771083487797,0.560042364928833,0.0925138240129333,1,0.817664902776491,0.169193111918983,0.797682484603409,0.90012749623714,0.770394976487375
