"feature_id_full","feature_id","feature_mz","feature_rt","sirius_molecularformula"
"1016_575.28_2.5",1016,575.283124632607,2.4686253,"C27H40N6O9"
"102_253.13_0.6",102,253.12954423438,0.6181521,"C11H18N4O4"
"1033_549.24_2.5",1033,549.242242376291,2.5108955,"C23H34N8O9"
"1055_584.38_2.5",1055,584.37723875833,2.5480509,"C27H51N7O8"
"1056_453.28_2.5",1056,453.282103402535,2.547698,"C21H38N6O6"
"1058_292.69_2.5",1058,292.692049619791,2.5488458,NA
"1059_547.25_2.6",1059,547.250141474096,2.551673,"C25H31N5O8"
"1061_585.38_2.5",1061,585.378791735212,2.5479276,"C28H50BN5O6"
"1062_334.18_2.6",1062,334.176022385249,2.5680525,"C17H23N3O4"
"1063_385.25_2.6",1063,385.24509550105,2.5908334,"C18H34N4O6"
"1068_334.18_2.6",1068,334.176051465574,2.5814667,"C17H25N3O5"
"1075_421.21_2.6",1075,421.208263237184,2.569068,"C20H30N4O7"
"1084_475.26_2.6",1084,475.256286032789,2.5861046,"C24H36N4O7"
"1102_268.66_2.6",1102,268.65845181276,2.6150668,NA
"1103_277.17_2.6",1103,277.171810472602,2.6154885,"C13H22BN3O4"
"1104_553.34_2.6",1104,553.336610430834,2.6154885,"C26H46N6O8"
"1124_701.24_2.7",1124,701.235482864089,2.656514,"C33H38N6O9"
"1126_360.19_2.7",1126,360.194141701351,2.7150533,"C16H26N2O4S"
"1131_358.14_2.7",1131,358.143251092318,2.6718972,"C18H21N3O6"
"1140_383.73_2.7",1140,383.726555091891,2.699322,NA
"1155_706.32_2.7",1155,706.323285506379,2.7444255,"C38H45N5O7"
"1172_319.14_2.8",1172,319.14465808681,2.752794,"C12H24N4O5S"
"1173_637.28_2.8",1173,637.282818946112,2.7524002,"C31H42N4O9"
"1175_756.4_2.8",1175,756.395243494786,2.754618,"C37H59N5O9"
"1189_239.06_2.8",1189,239.057924282985,2.7734325,"C11H8ClNO2"
"1190_222.03_2.8",1190,222.031470750626,2.7739367,"C11H10ClNO3"
"1199_120.04_2.8",1199,120.044552102339,2.802727,"C7H7NO2"
"1200_138.05_2.8",1200,138.054941795079,2.8031254,"C7H7NO2"
"1201_121.05_2.8",1201,121.047845956253,2.802166,NA
"1206_456.28_2.8",1206,456.281709829023,2.8042665,"C21H39N5O7"
"1215_170.12_2.8",1215,170.11755965673,2.8302572,"C9H17NO3"
"1216_770.45_2.8",1216,770.448442613461,2.831098,"C33H61N11O11"
"1223_360.2_2.8",1223,360.195119241242,2.838232,"C16H31N3O5S"
"1260_1041.56_2.9",1260,1041.56153340733,2.913291,"C50H78N10O15"
"1261_977.53_2.9",1261,977.534090684636,2.9175005,"C48H74N8O12"
"1297_836.49_3",1297,836.488116703128,2.9889963,"C37H67N9O11"
"1300_425.28_3",1300,425.2760611536,2.992267,"C21H38N4O6"
"1302_270.67_3",1302,270.673311861935,2.9971516,NA
"1303_421.28_3",1303,421.281120352743,3.0012732,"C22H38N4O5"
"1308_540.34_3",1308,540.339761340905,3.0086977,"C26H47N5O8"
"1324_535.32_3",1324,535.324733585455,3.0300324,"C26H44N6O7"
"1325_327.69_3",1325,327.69498722607,3.0344265,NA
"1327_318.69_3",1327,318.689547105972,3.0356252,NA
"1329_654.38_3",1329,654.383129672277,3.0417762,"C35H53N5O8"
"1348_780.46_3.1",1348,780.461974586403,3.0754423,"C36H63N9O11"
"1349_390.73_3.1",1349,390.734546556913,3.0764523,NA
"1356_676.36_3.1",1356,676.363959565281,3.0943272,"C27H51N9O12"
"1357_491.25_3.1",1357,491.251879992717,3.0989785,"C24H36N4O8"
"137_139.05_0.7",137,139.05026589458,0.694982,"C6H8N2O3"
"1376_459.26_3.1",1376,459.260890909389,3.1311338,"C24H36N4O6"
"1415_441.74_3.2",1415,441.74093756103,3.2110174,NA
"1421_882.48_3.2",1421,882.476550630079,3.2172945,"C48H65N7O10"
"1438_710.41_3.3",1438,710.408939146326,3.2581642,"C31H57N7O10"
"1439_355.71_3.3",1439,355.707872350954,3.2578983,NA
"1477_569.3_3.3",1477,569.301634684007,3.319752,"C28H40F2N6O3"
"1486_877.58_3.3",1486,877.57704350517,3.348645,"C44H78N8O11"
"1519_491.23_3.4",1519,491.232707604222,3.400933,"C32H32N2O4"
"1588_622.32_3.6",1588,622.324081221894,3.567839,"C33H45N5O8"
"1653_588.31_3.7",1653,588.30671326632,3.6723006,"C34H43N3O7"
"1656_764.4_3.7",1656,764.397775542955,3.6787164,"C39H55N7O10"
"1689_183.08_3.7",1689,183.078045308016,3.7437775,"C8H16O2"
"1730_193.05_3.8",1730,193.052729193583,3.784147,"C10H11ClN2O"
"1754_637.36_3.8",1754,637.356010500026,3.828712,"C28H50N6O9"
"1760_572.34_3.8",1760,572.344654345361,3.8381684,"C30H47N5O7"
"1785_661.34_3.9",1785,661.338055275582,3.8987248,"C40H46N4O6"
"1793_492.78_3.9",1793,492.783032501166,3.9163072,NA
"1796_983.56_3.9",1796,983.556157683074,3.9174204,"C47H80N6O17"
"1797_492.28_3.9",1797,492.282193301991,3.9174623,"C24H39N5O7"
"1807_855.5_3.9",1807,855.498058982534,3.9360693,"C43H68N8O11"
"1808_428.25_3.9",1808,428.252978602104,3.9361668,"C24H30N2O4"
"1809_877.48_3.9",1809,877.47970985201,3.9378178,"C43H66N8O10"
"1823_197.07_4",1823,197.071006163308,3.9773226,"C12H10N2O2"
"1866_540.32_4.1",1866,540.318644363211,4.05547,"C29H43N5O6"
"1868_336.21_4.1",1868,336.210103554762,4.0561604,"C14H29N3O6"
"1869_672.42_4.1",1869,672.415861807254,4.0557637,"C32H59N5O11"
"1870_671.41_4.1",1870,671.413294739919,4.0566454,"C35H56N6O8"
"1872_693.39_4.1",1872,693.394835170153,4.063238,"C35H54N6O7"
"1891_725.9_4.1",1891,725.901612773411,4.1497054,NA
"1926_966.53_4.3",1926,966.530148794642,4.325932,"C48H73N9O13"
"1934_775.44_4.3",1934,775.435815843653,4.3404546,"C42H58N6O8"
"1948_484.79_4.4",1948,484.794846349388,4.44745,NA
"1962_207.06_4.7",1962,207.05539524123,4.6622868,"C13H8N2O2"
"1963_225.07_4.7",1963,225.065949560365,4.662631,"C13H10N2O3"
"1964_226.07_4.7",1964,226.06877226169,4.6625814,"C8H13NO5"
"1971_266.17_4.8",1971,266.172685994075,4.8085756,"C11H16N6O"
"1972_226.18_4.8",1972,226.179835979098,4.809872,"C13H20O2"
"1973_244.19_4.8",1973,244.190792532428,4.810211,"C13H22O3"
"2030_280.26_7",2030,280.263526046941,6.986005,"C18H30O"
"2032_320.26_7",2032,320.255940193294,6.9857883,NA
"2050_339.25_7.4",2050,339.253133376671,7.3801126,"C20H34O4"
"2052_296.26_7.5",2052,296.258420495106,7.497616,"C18H30O2"
"214_155.08_0.9",214,155.081543095018,0.86856616,"C7H7NO2"
"215_126.07_0.9",215,126.066360496492,0.8704248,"C5H4N2O"
"250_409.13_1",250,409.133090596766,0.96225154,"C15H22N4O8"
"373_364.16_1.3",373,364.161710681817,1.303598,"C16H23N5O6"
"384_343.23_1.3",384,343.233893642428,1.332388,"C16H32N4O5"
"428_227.65_1.4",428,227.65495506512,1.424805,NA
"455_160.08_1.5",455,160.075814487562,1.4719013,"C10H11NO2"
"471_157.13_1.5",471,157.133676627062,1.5185287,"C8H18N2O2"
"480_441.19_1.5",480,441.187192370838,1.5294017,"C20H25NO9"
"488_276.11_1.5",488,276.108003090625,1.531491,"C12H17N2O4"
"526_312.19_1.6",526,312.192012352632,1.5966235,"C15H27N3O5"
"528_565.3_1.6",528,565.296149531322,1.6022975,"C24H42N6O8"
"529_294.14_1.6",529,294.14266160264,1.6033143,NA
"530_272.16_1.6",530,272.160780536289,1.6041094,"C12H23N3O5"
"531_543.31_1.6",531,543.314510439231,1.6044059,"C24H44N6O9"
"538_367.17_1.6",538,367.16996916175,1.6343608,"C13H24N6O5"
"543_366.17_1.6",543,366.16631345926,1.6335324,NA
"577_316.19_1.7",577,316.187333140413,1.6954689,"C14H27N3O6"
"580_702.41_1.7",580,702.405056381627,1.6970239,"C31H55N7O11"
"603_568.22_1.7",603,568.223120447465,1.7384789,"C22H35N5O11"
"605_546.24_1.7",605,546.241245089477,1.744061,"C22H37N5O12"
"610_431.25_1.8",610,431.250173572082,1.7501884,"C19H34N4O7"
"622_558.29_1.8",622,558.288629813868,1.7766014,"C23H41N7O10"
"626_408.18_1.8",626,408.176610267689,1.7754856,"C19H27N3O8"
"629_379.2_1.8",629,379.195220452591,1.7729521,"C16H28N4O5"
"631_357.21_1.8",631,357.213308287778,1.7782526,"C16H30N4O6"
"634_620.69_1.8",634,620.686546495881,1.7802657,NA
"643_358.22_1.8",643,358.216350807736,1.7785933,"C16H33N3O5Si"
"661_887.48_1.8",661,887.484502246795,1.8408542,"C44H59N11O8"
"666_466.23_1.8",666,466.22768250795,1.8459378,"C19H33N5O7"
"669_444.25_1.8",669,444.245869966152,1.8426311,"C19H35N5O8"
"68_257.15_0.6",68,257.14708557133,0.5519475,"C10H22N2O4"
"701_558.29_1.9",701,558.288493189267,1.8946333,"C23H41N7O10"
"763_540.24_2",763,540.243271474511,1.9936337,"C22H39N5O8"
"767_407.22_2",767,407.221030849512,2.0004349,NA
"769_472.24_2",769,472.240211526567,2.0011768,"C20H35N5O9"
"772_582.22_2",772,582.217513644109,2.0165527,"C26H33N5O9"
"802_502.25_2.1",802,502.251397605067,2.0578036,"C21H37N5O10"
"840_542.29_2.1",840,542.294098494048,2.1306255,"C23H41N7O9"
"849_395.22_2.1",849,395.216465539769,2.1409128,"C18H32N2O6"
"851_332.13_2.1",851,332.12752855847,2.1436138,"C13H23N3O6S"
"853_789.43_2.1",853,789.425781368015,2.1441016,"C39H58N8O8"
"858_190.05_2.2",858,190.049982106216,2.1514678,"C10H7NO3"
"859_523.21_2.2",859,523.214797795836,2.1576905,"C25H32N4O7"
"869_486.26_2.2",869,486.25651388963,2.167624,"C21H37N5O9"
"880_775.26_2.2",880,775.258602501993,2.1973622,"C37H44N4O12"
"886_376.19_2.2",886,376.189793503408,2.2020879,NA
"899_728.36_2.2",899,728.358092923688,2.2282045,NA
"901_507.77_2.2",901,507.773403013807,2.2433114,"C11H10Br4O2"
"933_603.31_2.3",933,603.314506410482,2.2944484,"C29H44N6O9"
"982_317.68_2.4",982,317.68171710391,2.3918679,NA
"985_326.69_2.4",985,326.687142444614,2.3947742,NA
"986_652.37_2.4",986,652.367167009599,2.3977072,"C30H51N7O10"
