"feature_id"	"feature"	"VIP"	"LV1"	"LV2"
530	"Ile-Gly-Thr_[530_272.16_1.6]"	1.41556958978445	-0.0358931653620592	-0.183126687029108
529	"NA_[529_294.14_1.6]"	1.3701920412384	-0.0333390193579142	-0.180245428913417
1059	"NA_[1059_547.25_2.6]"	1.36018128056752	-0.059659181592644	-0.163468772283617
215	"NA_[215_126.07_0.9]"	1.33996009246836	-0.0131420192565641	-0.180023238984218
528	"NA_[528_565.3_1.6]"	1.33459334638161	-0.0251562268018961	-0.176309248277489
531	"NA_[531_543.31_1.6]"	1.31252867590095	-0.0255446167746404	-0.172139289503547
526	"Thr-Ile-Pro_[526_312.19_1.6]"	1.27059345536928	-0.0199098128401116	-0.172503990539359
626	"NA_[626_408.18_1.8]"	1.26495941687589	-0.0282807814095411	-0.16952474562618
455	"5-Hydroxytryptophol_[455_160.08_1.5]"	1.24427285132195	-0.0358307723050537	-0.165130738570548
1199	"anthranilate_[1199_120.04_2.8]"	1.23324930862891	-0.0334373971503802	-0.160508513632731
1201	"NA_[1201_121.05_2.8]"	1.22352597958015	-0.0337408224731355	-0.158305645385156
1200	"anthranilate_[1200_138.05_2.8]"	1.21298732861769	-0.0324970305645597	-0.157840934432921
1349	"NA_[1349_390.73_3.1]"	1.19883089933576	-0.120074620823665	0.0468460785483193
1797	"NA_[1797_492.28_3.9]"	1.19160961170212	-0.119040549895185	0.0473814037852518
1325	"NA_[1325_327.69_3]"	1.19148287919948	-0.119879143034185	0.0449722537143084
1068	"NA_[1068_334.18_2.6]"	1.19116898870901	-0.0371558478247468	-0.155118404300812
488	"NA_[488_276.11_1.5]"	1.18637145501208	-0.0136543324528534	-0.159988399830443
543	"NA_[543_366.17_1.6]"	1.18410803385509	-0.02535054050252	-0.162255307855406
1356	"NA_[1356_676.36_3.1]"	1.18277289504415	-0.118783034646945	0.0433430772821214
1308	"NA_[1308_540.34_3]"	1.18171652125367	-0.118552487721003	0.0456314638505954
1155	"NA_[1155_706.32_2.7]"	1.16622392066391	-0.10918501309723	-0.0550069814892056
1303	"NA_[1303_421.28_3]"	1.16205627871305	-0.116180586571672	0.0464612293024704
1062	"NA_[1062_334.18_2.6]"	1.15704807529467	-0.0350414752073517	-0.152689626427653
1302	"NA_[1302_270.67_3]"	1.15529087590678	-0.115807409588491	0.0442361515353278
1327	"NA_[1327_318.69_3]"	1.1513598978027	-0.115330780061671	0.0456321925838962
1754	"NA_[1754_637.36_3.8]"	1.14309384601229	-0.11516183098462	0.0413552865546397
886	"NA_[886_376.19_2.2]"	1.13447685612649	-0.018394618171233	-0.155203957229079
1102	"NA_[1102_268.66_2.6]"	1.13059036881348	-0.0234701735158927	-0.153377633316946
1329	"Desmethylisaridin G_[1329_654.38_3]"	1.13019112333785	-0.113460856710504	0.0435771070791647
1793	"NA_[1793_492.78_3.9]"	1.12283740588576	-0.111961111859614	0.0459967081608781
1172	"Lys-Ser-Cys_[1172_319.14_2.8]"	1.1223855162585	-0.112726140340405	0.0425366539350562
701	"NA_[701_558.29_1.9]"	1.12104717089747	-0.112700575554782	0.0409318965308315
1796	"NA_[1796_983.56_3.9]"	1.11711698108676	-0.111831393282202	0.0430816728546788
1324	"NA_[1324_535.32_3]"	1.11550721879597	-0.111727097904865	0.0441991756281609
985	"NA_[985_326.69_2.4]"	1.11473762420203	-0.115049301467023	0.0228852517236118
250	"NA_[250_409.13_1]"	1.1139924530669	-0.11168490543499	0.0430275092830054
1056	"NA_[1056_453.28_2.5]"	1.11171104264827	-0.110868962804934	0.0462035079832815
538	"NA_[538_367.17_1.6]"	1.10547696502778	-0.0249785009433564	-0.151499060757216
634	"NA_[634_620.69_1.8]"	1.10483918348921	-0.0666395868513586	-0.116958698081866
669	"NA_[669_444.25_1.8]"	1.10480856983244	-0.110962817575503	0.0414244121070655
1785	"NA_[1785_661.34_3.9]"	1.10388216505554	-0.115180918450488	-0.00418635584359765
1297	"NA_[1297_836.49_3]"	1.09857965623934	-0.11009733561713	0.0424485553568414
1033	"NA_[1033_549.24_2.5]"	1.09657593705392	-0.109784307918818	0.0419063804852577
1656	"NA_[1656_764.4_3.7]"	1.09547088998136	-0.110029013601786	0.039974445621531
1971	"NA_[1971_266.17_4.8]"	1.09167736963161	-0.0542705154658648	-0.131778656093766
869	"NA_[869_486.26_2.2]"	1.09016071997201	-0.109400575717904	0.0400718624608813
851	"Glu-Ala-Met_[851_332.13_2.1]"	1.08302668797591	-0.110213404770226	0.0340855258558801
1131	"NA_[1131_358.14_2.7]"	1.08031861188748	-0.108141157374532	0.0435756478778074
1421	"NA_[1421_882.48_3.2]"	1.07872935969728	-0.108192633871086	0.0415438019930821
68	"NA_[68_257.15_0.6]"	1.07583299818407	-0.0948306582044196	-0.0916225670523825
1061	"NA_[1061_585.38_2.5]"	1.07379961978656	-0.107939882227806	0.0403107391197203
1140	"NA_[1140_383.73_2.7]"	1.07354756805259	-0.108363195146821	0.0364578321138944
373	"Glu-Pro-His_[373_364.16_1.3]"	1.07178433243005	-0.108532774048875	0.0360657655114634
767	"NA_[767_407.22_2]"	1.07018503381592	-0.109289181445688	0.0314636664585768
1206	"NA_[1206_456.28_2.8]"	1.06677542532058	-0.106788923539747	0.0428641097684572
1104	"NA_[1104_553.34_2.6]"	1.06665063039545	-0.0205745025582389	-0.14640470110741
859	"NA_[859_523.21_2.2]"	1.06629098926479	-0.108515619491072	0.0317040082165647
1173	"NA_[1173_637.28_2.8]"	1.06619600131429	-0.107496460398772	0.0393181253456102
1348	"NA_[1348_780.46_3.1]"	1.06505538450075	-0.106470488579394	0.0426235538797516
901	"NA_[901_507.77_2.2]"	1.06303807472826	-0.106962008191973	0.0375311235038876
1075	"NA_[1075_421.21_2.6]"	1.06236214506648	-0.108669078434433	0.0283156081275524
840	"NA_[840_542.29_2.1]"	1.06179859692555	-0.111312056353182	-0.00462565809052407
982	"NA_[982_317.68_2.4]"	1.05708416503149	-0.108956982969727	0.0232223569021945
629	"NA_[629_379.2_1.8]"	1.05459598318363	-0.0427268315858195	-0.137653298362162
1808	"NA_[1808_428.25_3.9]"	1.04680111042612	-0.104759930904705	0.0412393577882501
1103	"NA_[1103_277.17_2.6]"	1.02927374340321	-0.0205895499610402	-0.141827237130306
384	"Thr-Leu-Lys_[384_343.23_1.3]"	1.02921663985094	-0.102892593055127	0.0413325212546346
1055	"NA_[1055_584.38_2.5]"	1.02477979407455	-0.10343974426328	0.037555344576042
858	"kynurenic acid_[858_190.05_2.2]"	1.02397382675589	-0.0153866120450259	-0.12557463306465
1223	"NA_[1223_360.2_2.8]"	1.01745668510722	-0.0547614750590744	-0.114592334716182
1058	"NA_[1058_292.69_2.5]"	1.01719207297717	-0.102593524367618	0.0372923650429999
1809	"NA_[1809_877.48_3.9]"	1.00955078516404	-0.101663922462225	0.0368049885384692
986	"NA_[986_652.37_2.4]"	1.00591079797116	-0.104147072219199	0.0194231891013194
1807	"NA_[1807_855.5_3.9]"	1.00560470308988	-0.100629670381041	0.0395893481259567
1948	"NA_[1948_484.79_4.4]"	1.00427905141097	-0.103754442190539	0.0206863113128989
1415	"NA_[1415_441.74_3.2]"	1.00227913609769	-0.100555850926821	0.039168355307972
1216	"NA_[1216_770.45_2.8]"	0.996433718283542	-0.0641125448944252	-0.09927242326688
622	"NA_[622_558.29_1.8]"	0.992015973139836	-0.0995744099528384	0.0386592188805844
1926	"NA_[1926_966.53_4.3]"	0.988897049230389	-0.0995176014596588	0.0389658786960915
1376	"NA_[1376_459.26_3.1]"	0.988842854780024	-0.04856616498513	-0.13353126025805
853	"NA_[853_789.43_2.1]"	0.984679212432045	-0.0975440266837748	0.0436757324116964
2050	"NA_[2050_339.25_7.4]"	0.980901437460895	-0.0979397863685787	0.0407496108896556
802	"NA_[802_502.25_2.1]"	0.975200629534069	-0.101708541308887	0.00917702612953251
577	"Leu-Thr-Thr_[577_316.19_1.7]"	0.965174091436464	-0.100490035877057	0.0141968796343394
610	"NA_[610_431.25_1.8]"	0.963654701253207	-0.0960486337927266	0.0399869635175647
1175	"NA_[1175_756.4_2.8]"	0.961090104978424	-0.0333020087901234	-0.128152857082314
1439	"NA_[1439_355.71_3.3]"	0.959627618637251	-0.0983938053275818	0.027206360870251
605	"NA_[605_546.24_1.7]"	0.955668105651979	-0.099371253903392	0.00505233763958652
643	"NA_[643_358.22_1.8]"	0.955126225681867	-0.0355209798665676	-0.129307245667165
849	"NA_[849_395.22_2.1]"	0.952106691670139	-0.095168946173101	0.0390027545164064
661	"NA_[661_887.48_1.8]"	0.951872652278232	-0.0953011644523361	0.0377500011817514
763	"NA_[763_540.24_2]"	0.943959369011156	-0.0943720931317324	0.0375330022397989
1872	"NA_[1872_693.39_4.1]"	0.923623032863065	-0.0900099065305851	-0.0491101970811751
1016	"NA_[1016_575.28_2.5]"	0.91815220472829	-0.0955423888236716	0.0133662476222537
214	"2-pyridinylacetic acid_[214_155.08_0.9]"	0.911749713690767	-0.0802622121922919	-0.0534467736775593
2032	"NA_[2032_320.26_7]"	0.899717842551601	-0.0468700808014112	-0.107077389339708
933	"NA_[933_603.31_2.3]"	0.89819391694913	-0.0196706495886321	-0.126755008223361
772	"NA_[772_582.22_2]"	0.878869164365124	-0.0916742573434503	-0.00540366079899734
1870	"NA_[1870_671.41_4.1]"	0.876759160716956	-0.0793901564478777	-0.0731722779792295
1438	"NA_[1438_710.41_3.3]"	0.875496798320827	-0.0881627128866088	0.0327798960198165
580	"NA_[580_702.41_1.7]"	0.870846043420448	-0.0903163144601086	0.0191464407276857
603	"NA_[603_568.22_1.7]"	0.864909768227207	-0.0896952111626037	0.00346996878091826
1357	"NA_[1357_491.25_3.1]"	0.863716919591623	-0.0883116012828477	0.0265102423714099
1891	"NA_[1891_725.9_4.1]"	0.863249510781514	-0.0881984033689324	0.0227226454504245
1215	"8-amino-7-oxononanoate_[1215_170.12_2.8]"	0.860283779786765	-0.0712298809652162	-0.0661343632846839
1260	"NA_[1260_1041.56_2.9]"	0.859649127098298	-0.0893503241280283	-0.0198745307185448
2030	"farnesyl acetone_[2030_280.26_7]"	0.856648427994391	-0.0449980068117536	-0.10233654387851
102	"2-[3-carboxy-3-(methylammonio)propyl]-L-histidine_[102_253.13_0.6]"	0.853308311613642	-0.0195880259762185	-0.120072845417257
1261	"NA_[1261_977.53_2.9]"	0.852005461151711	-0.0881560514073132	0.011325854929321
666	"NA_[666_466.23_1.8]"	0.84976430813206	-0.0880800750282155	-0.029078951750315
471	"NA_[471_157.13_1.5]"	0.83762895291522	-0.0779085697815549	-0.0432047298261423
899	"NA_[899_728.36_2.2]"	0.831692480076144	-0.0846875393281074	0.0226404124455183
631	"Val-Glu-Lys_[631_357.21_1.8]"	0.830231216031442	-0.0293171299988455	-0.115610887306208
1972	"NA_[1972_226.18_4.8]"	0.827339582292013	-0.0515029067091678	-0.0903660249584844
1653	"NA_[1653_588.31_3.7]"	0.81847292809226	-0.0748618510841566	-0.0411430021285653
1760	"NA_[1760_572.34_3.8]"	0.816800554501282	-0.0141252240518487	-0.118669581511929
1126	"NA_[1126_360.19_2.7]"	0.812754115145407	-0.0325463557949269	-0.116368693420164
1973	"NA_[1973_244.19_4.8]"	0.811992114272856	-0.0498458103394333	-0.0907036150500861
1486	"NA_[1486_877.58_3.3]"	0.800258115612847	-0.0721236622474651	-0.0720224302734747
1934	"NA_[1934_775.44_4.3]"	0.797938104133567	-0.0811456187090436	0.021116306872762
1477	"NA_[1477_569.3_3.3]"	0.791656650923583	-0.0831774504054824	-0.00630830998741748
428	"NA_[428_227.65_1.4]"	0.769350197979923	-0.0201570417208978	-0.111395749422246
1519	"NA_[1519_491.23_3.4]"	0.764758549927277	-0.0558664137818818	-0.0894660107403382
1588	"NA_[1588_622.32_3.6]"	0.764397987646225	-0.076452875120486	0.0329604524001185
880	"NA_[880_775.26_2.2]"	0.755596778512441	-0.0782681635012401	0.012922128924764
1868	"NA_[1868_336.21_4.1]"	0.754292804241758	-0.0627910556452929	-0.0756343163604468
1730	"NA_[1730_193.05_3.8]"	0.719348099390785	-0.0727883244269993	0.0210291423902059
1866	"NA_[1866_540.32_4.1]"	0.70114996477676	-0.0615319928022918	-0.0683910858158875
1084	"NA_[1084_475.26_2.6]"	0.700270895871165	-0.0497617868929756	-0.0840750447039615
1869	"NA_[1869_672.42_4.1]"	0.69403297229475	-0.062022794122196	-0.0636164315816583
1823	"NA_[1823_197.07_4]"	0.688948066425342	-0.071255990488791	0.0133879454625598
137	"NA_[137_139.05_0.7]"	0.679077527901803	-0.0708857937055279	0.00352435452640141
1124	"NA_[1124_701.24_2.7]"	0.667532995644458	-0.0692469714743136	0.0169165616975947
1190	"NA_[1190_222.03_2.8]"	0.658581340772203	-0.0647611187800688	0.032811979974684
1963	"NA_[1963_225.07_4.7]"	0.652395798896276	-0.0671433783350147	0.0153737465697769
1189	"NA_[1189_239.06_2.8]"	0.651079374435915	-0.064010046600515	0.0325856353373535
1300	"NA_[1300_425.28_3]"	0.649829920955391	-0.0660973943698841	-0.0253047691095502
1962	"phenazine-1-carboxylate_[1962_207.06_4.7]"	0.640903505436528	-0.0660444465182353	0.0144414021727956
769	"NA_[769_472.24_2]"	0.632021821189132	-0.0377141836418799	-0.0816768455847766
1964	"NA_[1964_226.07_4.7]"	0.610019048603382	-0.0628309730243064	0.0141579701408309
1063	"NA_[1063_385.25_2.6]"	0.587445551262688	-0.0612131219314228	-0.0163592852939741
480	"NA_[480_441.19_1.5]"	0.584924196850806	-0.0154974116734456	-0.0857337208616829
1689	"Propyl 3-methylbutanoate_[1689_183.08_3.7]"	0.578721183547949	-0.0457514401703281	-0.0497885608907288
2052	"NA_[2052_296.26_7.5]"	0.556513205716422	-0.0335305540771642	-0.0638212569206689
