CLUSTERID1	CLUSTERID2	ComponentIndex	Cosine	DeltaMZ
1109	1377	1	0.9001	18.012
1377	1412	1	0.7652	-117.079
912	1109	1	0.7663	15.994
912	1232	1	0.9103	-99.068
1232	1412	1	0.7624	15.994
1109	1412	1	0.9019	-99.067
895	1018	2	0.8278	-39.021
835	895	2	0.8218	1.003
873	895	2	0.9347	0.010
1849	1852	4	0.8808	444.739
1851	1852	4	0.8671	444.237
1517	1766	4	0.8616	-260.116
1568	1766	4	0.8904	-163.063
1659	1766	4	0.8649	-163.063
1664	1766	4	0.8878	-163.093
1766	1849	4	0.8549	-99.571
1766	1851	4	0.8573	-99.069
1021	1456	4	0.8556	-15.015
1416	1456	4	0.8142	132.053
1417	1456	4	0.865	105.042
1456	1458	4	0.8574	-229.106
1456	1515	4	0.8323	-89.047
1456	1544	4	0.8902	-229.106
1456	1609	4	0.895	-115.064
1456	1873	4	0.8147	-377.195
1416	1455	4	0.8399	321.665
1455	1458	4	0.8419	-418.719
1455	1543	4	0.9723	0.001
1455	1544	4	0.8527	-418.718
1416	1543	4	0.8251	321.666
1458	1543	4	0.8502	418.720
1543	1544	4	0.8557	-418.719
1517	1849	4	0.8183	-359.686
1568	1849	4	0.868	-262.634
1659	1849	4	0.8566	-262.634
1664	1849	4	0.8596	-262.664
1849	1851	4	0.9838	0.502
1417	1458	4	0.8532	-124.064
1417	1515	4	0.9473	15.996
1417	1544	4	0.851	-124.063
1417	1609	4	0.9236	-10.021
1417	1659	4	0.8327	87.032
1417	1664	4	0.8262	87.062
1417	1686	4	0.8945	-262.132
1416	1601	4	0.8127	-260.117
1458	1601	4	0.8822	-163.063
1544	1601	4	0.8885	-163.064
1601	1704	4	0.8126	-99.068
1686	1737	4	0.9491	-14.015
1737	1788	4	0.946	30.010
1737	1851	4	0.8517	101.047
1737	1873	4	0.944	3.995
1515	1664	4	0.836	71.067
1517	1664	4	0.8447	-97.022
1568	1664	4	0.9561	0.030
1585	1664	4	0.8507	-0.451
1659	1664	4	0.9695	0.030
1664	1851	4	0.8681	-262.162
1664	1946	4	0.8345	-83.031
1686	1788	4	0.9639	15.995
1686	1851	4	0.866	87.032
1686	1873	4	0.9034	-10.021
1568	1974	4	0.8379	-39.011
1946	1974	4	0.9386	43.990
1702	1705	4	0.8437	-0.499
1568	1946	4	0.8667	-83.001
1659	1946	4	0.8343	-83.001
1515	1568	4	0.841	71.036
1517	1568	4	0.8514	-97.052
1568	1585	4	0.8674	0.481
1568	1659	4	0.9445	0.000
1568	1851	4	0.8758	-262.132
1021	1416	4	0.8071	-147.068
1021	1458	4	0.865	-244.122
1021	1544	4	0.8779	-244.121
1416	1544	4	0.8637	-97.053
1458	1544	4	0.9718	0.001
1515	1544	4	0.8199	-140.059
1544	1609	4	0.9278	114.042
1585	1659	4	0.8411	-0.481
1458	1609	4	0.9262	114.043
1515	1609	4	0.9042	-26.017
1609	1873	4	0.9062	-262.132
1458	1515	4	0.8182	140.060
1515	1659	4	0.8478	71.037
1515	1788	4	0.9031	-262.133
1702	1704	4	0.8273	-549.784
1704	1873	4	0.8333	114.042
1517	1659	4	0.8277	-97.052
1517	1851	4	0.8234	-359.185
1788	1873	4	0.9162	-26.016
1659	1851	4	0.8586	-262.132
1416	1458	4	0.8421	-97.054
1788	1851	4	0.8844	71.037
1708	1866	6	0.8057	113.082
1843	1866	6	0.8408	113.085
1708	1843	6	0.9117	-0.003
1708	1847	6	0.814	-128.061
1710	1843	6	0.8375	128.057
1843	1847	6	0.8436	-128.058
1583	1847	6	0.8454	145.037
1710	1847	6	0.9559	-0.001
1582	1583	6	0.8293	-462.746
1583	1710	6	0.8456	145.038
750	1189	7	0.9571	-33.961
1189	1190	7	0.9186	17.026
749	1190	7	0.9591	-33.961
82	750	7	0.8299	4.920
749	750	7	0.9197	-17.027
82	503	7	0.863	-35.078
502	503	7	0.8606	21.982
503	1048	7	0.9539	15.995
740	918	8	0.9473	-14.016
876	918	8	0.971	-0.000
740	876	8	0.9478	-14.016
1307	1510	9	0.784	0.989
963	1058	10	0.796	64.522
1053	1058	10	0.9774	0.474
963	1053	10	0.8242	64.048
354	718	11	0.8433	-10.021
354	1013	11	0.924	-12.036
718	1013	11	0.8651	-2.016
868	1541	12	0.9195	-147.069
1541	1697	12	0.9237	-99.068
1541	1829	12	0.8822	-113.084
1541	1943	12	0.8617	-83.000
1870	1928	12	0.8985	-99.069
1697	1926	12	0.8922	-309.133
1805	1926	12	0.8932	-212.080
1829	1926	12	0.8881	-295.117
1697	1829	12	0.9427	-14.016
1697	1805	12	0.874	-97.053
1697	1928	12	0.8682	-113.085
26	27	13	0.9486	67.987
27	28	13	0.9291	-203.962
27	30	13	0.9508	-135.975
27	31	13	0.9696	67.987
27	33	13	0.8986	203.963
27	34	13	0.9407	135.975
27	35	13	0.8602	271.950
27	37	13	0.7165	187.989
27	42	13	0.8498	213.992
27	44	13	0.8314	281.979
47	56	13	0.9519	10.029
56	61	13	0.9357	-57.959
56	66	13	0.9115	8.032
56	67	13	0.9867	10.029
56	69	13	0.9506	-47.930
60	77	13	0.785	-39.898
62	77	13	0.8109	-165.844
63	77	13	0.9357	-49.927
66	77	13	0.77	-233.832
71	77	13	0.8477	-173.876
75	77	13	0.808	-117.914
76	77	13	0.9113	-1.997
77	78	13	0.9348	57.959
77	80	13	0.9047	59.956
20	22	13	0.9789	14.016
22	47	13	0.88	96.113
22	49	13	0.9028	80.139
52	60	13	0.8222	8.032
53	60	13	0.8623	10.029
60	62	13	0.8105	125.946
60	63	13	0.8981	10.029
60	73	13	0.8514	11.716
60	75	13	0.7795	78.016
60	76	13	0.8192	-37.901
60	78	13	0.7722	18.060
60	80	13	0.8247	20.057
36	47	13	0.8306	78.016
43	47	13	0.8503	53.071
44	47	13	0.805	135.975
47	48	13	0.8898	-1.997
47	49	13	0.8699	-15.974
47	61	13	0.9101	-47.930
47	67	13	0.8711	20.058
47	69	13	0.8057	-37.901
26	34	13	0.9176	203.963
28	34	13	0.8642	339.937
30	34	13	0.8934	271.950
31	34	13	0.9582	67.988
33	34	13	0.9691	-67.988
34	35	13	0.7981	135.975
34	38	13	0.7079	120.001
34	42	13	0.8144	78.016
34	44	13	0.9022	146.004
61	66	13	0.8108	65.990
62	66	13	0.9011	67.987
66	67	13	0.8609	1.997
66	69	13	0.9349	-55.962
66	71	13	0.914	-59.956
66	75	13	0.788	-115.917
66	78	13	0.7712	-175.873
66	80	13	0.808	-173.876
42	52	13	0.8126	20.058
44	52	13	0.7919	-47.930
52	53	13	0.777	-1.997
52	73	13	0.8012	19.748
62	71	13	0.9039	8.032
71	75	13	0.8077	-55.961
71	78	13	0.8799	-115.917
71	80	13	0.8136	-113.920
61	62	13	0.8212	-1.997
61	63	13	0.825	-117.914
61	67	13	0.929	67.987
61	69	13	0.9625	10.029
61	73	13	0.7861	-116.227
61	76	13	0.8222	-165.844
62	63	13	0.8303	-115.917
62	73	13	0.7935	-114.230
62	75	13	0.8277	-47.930
62	76	13	0.7878	-163.847
20	25	13	0.9327	-67.988
23	25	13	0.9617	67.987
24	25	13	0.9429	135.975
25	36	13	0.8795	100.100
67	69	13	0.938	-57.959
20	24	13	0.8362	-203.963
23	24	13	0.9635	-67.988
24	33	13	0.9169	100.100
24	37	13	0.8285	84.126
63	80	13	0.9357	10.029
69	80	13	0.8013	-117.914
73	80	13	0.829	8.341
75	80	13	0.8252	-57.959
76	80	13	0.9435	57.959
78	80	13	0.8873	1.997
26	28	13	0.9459	-135.975
28	30	13	0.9472	67.987
28	31	13	0.9144	271.950
28	33	13	0.8344	407.925
28	35	13	0.7695	475.912
63	73	13	0.8001	1.687
69	73	13	0.7316	-126.256
73	76	13	0.829	-49.617
29	45	13	0.7982	135.975
45	48	13	0.8774	0.163
23	38	13	0.8217	84.126
43	48	13	0.7782	51.074
43	49	13	0.8809	37.097
26	31	13	0.9569	135.975
30	31	13	0.9529	203.962
31	33	13	0.8377	135.975
31	35	13	0.8496	203.963
31	37	13	0.8094	120.001
31	42	13	0.8373	146.004
31	44	13	0.801	213.992
69	76	13	0.7889	-175.873
26	30	13	0.976	-67.987
26	33	13	0.8884	271.950
26	35	13	0.8363	339.938
26	42	13	0.839	281.979
26	44	13	0.8107	349.967
35	38	13	0.8962	-15.974
37	38	13	0.8963	67.987
38	44	13	0.747	26.003
53	63	13	0.8267	20.058
30	42	13	0.8156	349.966
35	42	13	0.7816	-57.959
37	42	13	0.8662	26.003
42	44	13	0.8655	67.988
20	29	13	0.8573	-28.006
30	33	13	0.8628	339.938
30	35	13	0.7801	407.925
33	37	13	0.8955	-15.974
63	78	13	0.9186	8.032
75	78	13	0.8037	-59.956
76	78	13	0.9161	55.962
33	44	13	0.8258	78.016
29	48	13	0.8691	136.138
35	48	13	0.8263	144.007
36	48	13	0.7286	76.019
29	41	13	0.8522	112.132
33	35	13	0.9603	67.988
63	76	13	0.9446	-47.930
75	76	13	0.8219	-115.917
63	75	13	0.8189	67.988
527	892	14	0.9208	-111.032
656	892	14	0.9097	18.011
527	585	14	0.9041	-20.006
527	610	14	0.9264	-14.052
585	684	14	0.9134	-115.027
302	863	14	0.9336	-56.063
345	863	14	0.9041	-54.047
610	863	14	0.9519	-27.995
285	302	14	0.9084	2.016
302	345	14	0.9256	-2.016
285	345	14	0.9359	0.000
345	610	14	0.916	-26.052
1807	1950	15	0.8861	-113.084
1288	1807	15	0.9088	-147.069
17	214	16	0.9418	0.995
90	214	16	0.9455	0.995
199	214	16	0.9261	-25.032
14	141	16	0.968	17.026
104	141	16	0.9466	17.974
107	141	16	0.9823	14.016
141	199	16	0.9784	0.036
141	206	16	0.9636	-0.967
13	104	16	0.9321	-17.974
13	14	16	0.9878	-17.026
14	199	16	0.9905	17.063
13	206	16	0.9318	-0.967
13	293	16	0.9784	-2.016
90	293	16	0.9364	23.975
13	90	16	0.9409	-25.990
17	90	16	0.9943	-0.000
90	199	16	0.9339	26.027
13	17	16	0.9389	-25.990
17	199	16	0.9343	26.027
107	199	16	0.9773	14.052
1003	1117	17	0.9634	-0.000
381	457	18	0.91	-0.000
457	508	18	0.9397	-14.016
457	572	18	0.8997	-14.016
457	1203	18	0.8926	-26.052
263	300	18	0.8963	-27.995
263	485	18	0.9077	-14.016
485	572	18	0.8924	27.995
508	572	18	0.9432	-0.000
561	572	18	0.9283	14.016
572	1203	18	0.9405	-12.036
508	1203	18	0.9258	-12.036
508	561	18	0.9061	-14.016
561	951	18	0.9521	1.980
381	508	18	0.8977	-14.016
1240	1606	19	0.9163	-56.541
1388	1606	19	0.9123	0.480
1570	1606	19	0.9608	0.000
1571	1606	19	0.9093	382.240
1605	1606	19	0.912	382.240
1243	1571	19	0.9109	-113.083
1392	1571	19	0.9399	-42.046
1405	1571	19	0.9444	-26.051
1472	1571	19	0.9122	-14.015
1571	1605	19	0.9596	0.000
1571	1740	19	0.9404	-33.984
1392	1740	19	0.9329	-76.031
1405	1740	19	0.9083	-60.035
1472	1740	19	0.9389	-47.999
1605	1740	19	0.9509	-33.984
1736	1740	19	0.908	-399.232
1231	1539	19	0.9062	57.021
1243	1539	19	0.9617	0.001
1246	1539	19	0.9703	0.501
1539	1605	19	0.9115	-113.084
1539	1607	19	0.9317	-111.032
1539	1784	19	0.9222	-83.001
1231	1243	19	0.9112	57.021
1231	1269	19	0.9392	-44.026
1231	1749	19	0.937	-56.063
1231	1771	19	0.9367	-90.047
1269	1749	19	0.9264	-12.037
1749	1771	19	0.9584	-33.984
1243	1784	19	0.9199	-83.001
1246	1784	19	0.9253	-82.500
1607	1784	19	0.9359	28.031
1392	1472	19	0.9617	-28.031
1405	1472	19	0.9514	-12.036
1472	1605	19	0.9299	-14.015
1348	1349	19	0.923	389.727
1348	1605	19	0.9086	14.975
1269	1771	19	0.9529	-46.021
1243	1605	19	0.9217	-113.083
1246	1605	19	0.9092	-112.583
1392	1605	19	0.9634	-42.046
1405	1605	19	0.9462	-26.051
1392	1405	19	0.9495	-15.995
1243	1580	19	0.9102	-26.015
1243	1607	19	0.9362	-111.032
1243	1246	19	0.9803	-0.501
869	1099	20	0.89	-111.033
483	1530	22	0.9952	0.000
492	1530	22	0.9434	1.003
613	1530	22	0.9601	57.022
242	347	22	0.938	16.052
242	356	22	0.9469	15.995
242	369	22	0.9658	30.011
242	390	22	0.98	15.995
242	405	22	0.9836	30.011
242	672	22	0.9654	-12.036
242	949	22	0.9666	-26.052
242	1051	22	0.9527	-26.052
242	1130	22	0.9679	-26.052
737	1012	22	0.9346	-33.984
737	1238	22	0.9511	46.005
8	9	22	0.9725	-14.016
9	185	22	0.9282	-62.015
9	397	22	0.9287	-46.021
438	787	22	0.9486	50.016
633	787	22	0.9905	-0.000
706	787	22	0.9742	-0.000
744	787	22	0.9948	-0.000
787	1239	22	0.987	0.000
121	138	22	0.956	-2.016
121	322	22	0.9784	-28.031
121	390	22	0.982	-16.031
121	583	22	0.9681	-0.000
550	1012	22	0.9428	-16.070
390	1130	22	0.9718	-42.047
949	1130	22	0.9676	-0.000
1000	1130	22	0.984	-0.000
1130	1182	22	0.9758	16.032
1130	1280	22	0.9779	16.031
1130	1290	22	0.9681	-33.984
1130	1345	22	0.9842	16.031
1130	1437	22	0.9824	16.031
1130	1631	22	0.983	16.031
438	706	22	0.9403	50.016
633	706	22	0.9799	-0.000
706	744	22	0.9747	0.000
706	1239	22	0.9548	-0.000
532	713	22	0.9449	-13.979
432	857	22	0.9439	-14.016
857	885	22	0.9305	-63.995
857	973	22	0.9257	-63.995
857	1012	22	0.9445	-33.984
857	1163	22	0.9522	-48.000
1320	1712	22	0.9767	0.000
347	369	22	0.9663	13.958
356	369	22	0.9706	14.016
369	390	22	0.9535	-14.016
369	405	22	0.9706	-0.000
369	471	22	0.9326	31.990
369	613	22	0.9726	-33.984
369	672	22	0.9917	-42.047
369	949	22	0.9614	-56.063
369	1051	22	0.9555	-56.062
322	583	22	0.9787	28.031
322	621	22	0.9726	-14.016
322	1096	22	0.9892	-0.001
322	1182	22	0.9863	-14.015
322	1280	22	0.9906	-14.016
322	1291	22	0.9907	0.000
322	1345	22	0.9871	-14.016
322	1437	22	0.9902	-14.016
322	1631	22	0.989	-14.016
155	185	22	0.9256	-63.995
185	266	22	0.9574	49.979
621	1096	22	0.9702	14.015
621	1182	22	0.9777	0.000
621	1291	22	0.9817	14.016
247	471	22	0.9272	89.995
539	1369	22	0.9384	-18.025
606	1369	22	0.9295	-76.031
613	1369	22	0.9466	-90.047
917	1369	22	0.9702	-48.000
1012	1369	22	0.9477	-48.000
1163	1369	22	0.9575	-33.984
1219	1369	22	0.9481	-33.986
1290	1369	22	0.9684	-33.984
1000	1163	22	0.9584	-33.984
138	347	22	0.9518	-13.958
138	356	22	0.9554	-14.016
138	432	22	0.9523	-28.031
138	606	22	0.9347	-48.000
450	1096	22	0.9735	63.994
583	1096	22	0.9851	-28.032
1096	1182	22	0.9814	-14.015
1096	1280	22	0.9861	-14.015
1096	1291	22	0.9908	0.001
1096	1345	22	0.9844	-14.015
1096	1437	22	0.9912	-14.015
1096	1631	22	0.9913	-14.015
356	1051	22	0.9538	-42.047
672	1051	22	0.9693	-14.015
949	1051	22	0.9849	0.000
1051	1219	22	0.96	-33.983
432	597	22	0.9389	-63.995
432	672	22	0.9734	-14.016
432	917	22	0.9637	-48.000
432	1012	22	0.9432	-48.000
483	492	22	0.9447	-1.003
390	405	22	0.9827	14.016
390	583	22	0.9808	16.031
390	606	22	0.9453	-33.984
212	220	22	0.9428	49.943
220	243	22	0.9826	0.036
220	266	22	0.9253	-0.000
319	1219	22	0.9368	-18.024
1012	1219	22	0.957	-14.014
193	319	22	0.9443	-15.000
319	357	22	0.9759	0.000
319	539	22	0.9647	-33.985
438	744	22	0.9499	50.016
633	744	22	0.9893	-0.000
744	1239	22	0.9845	-0.000
155	266	22	0.9588	-14.016
597	885	22	0.9728	-14.016
885	973	22	0.9875	-0.000
699	1337	22	0.9598	-0.000
1337	1454	22	0.9903	0.000
1337	1545	22	0.9766	0.000
347	356	22	0.9924	-0.058
356	405	22	0.9488	14.016
356	672	22	0.966	-28.031
356	949	22	0.9701	-42.047
193	357	22	0.9472	-15.000
713	716	22	0.9768	-0.036
713	867	22	0.9404	15.995
450	1345	22	0.9746	49.979
583	1345	22	0.9767	-42.047
1182	1345	22	0.9814	-0.000
1280	1345	22	0.9858	-0.000
1291	1345	22	0.9829	-14.016
1345	1437	22	0.9897	-0.000
1345	1631	22	0.987	-0.000
450	1291	22	0.9757	63.995
583	1291	22	0.9793	-28.031
1182	1291	22	0.9893	14.015
1280	1291	22	0.9898	14.016
1291	1437	22	0.9898	-14.016
1291	1631	22	0.9904	-14.016
347	405	22	0.9461	13.958
405	613	22	0.9858	-33.984
405	672	22	0.9642	-42.047
450	1437	22	0.9777	49.979
583	1437	22	0.9814	-42.047
1182	1437	22	0.9872	-0.000
1280	1437	22	0.9891	-0.000
1437	1631	22	0.9923	-0.000
212	243	22	0.9344	49.979
243	438	22	0.936	-33.984
357	539	22	0.9703	-33.985
448	539	22	0.9287	-27.988
454	539	22	0.9287	-27.996
539	606	22	0.9269	58.006
606	613	22	0.9499	14.016
613	917	22	0.9607	-42.047
633	867	22	0.9216	31.006
699	867	22	0.9276	16.990
705	867	22	0.9734	-18.011
699	1545	22	0.9508	0.000
1454	1545	22	0.9773	0.000
917	1290	22	0.9894	-14.015
949	1290	22	0.9734	-33.984
1163	1290	22	0.9821	0.000
450	1454	22	0.9622	49.020
1454	1712	22	0.9631	-14.999
438	633	22	0.9559	50.016
438	1239	22	0.9327	50.016
448	454	22	1.0	0.007
633	1239	22	0.9775	-0.000
583	1280	22	0.9744	-42.047
583	1631	22	0.9863	-42.047
347	672	22	0.9596	-28.089
672	917	22	0.9763	-33.984
672	949	22	0.983	-14.016
450	1280	22	0.976	49.979
450	1631	22	0.9818	49.979
1182	1631	22	0.9853	-0.000
1280	1631	22	0.9885	-0.000
597	973	22	0.9727	-14.016
1182	1280	22	0.9855	-0.000
1182	1712	22	0.97	-15.959
606	917	22	0.9392	-28.031
917	1163	22	0.9825	-14.015
171	315	26	0.9352	79.966
235	315	26	0.9642	61.956
284	315	26	0.9533	-15.995
161	284	26	0.9271	79.966
190	284	26	0.9481	61.956
161	190	26	0.9289	18.011
190	235	26	0.9369	-15.995
204	221	26	0.8839	-42.999
171	235	26	0.9301	18.010
221	235	26	0.8781	21.982
161	171	26	0.9006	-15.995
896	1924	27	0.7241	-27.992
953	1924	27	0.7119	71.001
1193	1924	27	0.8183	27.047
1293	1924	27	0.8474	43.079
259	529	27	0.7305	-83.037
953	1193	27	0.7027	43.954
953	1293	27	0.7135	27.923
446	529	27	0.7025	-55.006
529	1193	27	0.8207	-139.099
529	1293	27	0.8058	-155.131
1193	1293	27	0.8433	-16.032
1739	1786	28	0.815	15.005
1684	1739	28	0.801	-7.008
1739	1763	28	0.8138	-450.735
1763	1904	28	0.8415	-42.047
1763	1949	28	0.809	-56.062
1739	1904	28	0.8278	-492.782
1904	1949	28	0.8301	-14.015
1739	1949	28	0.8052	-506.797
1160	1198	29	0.8854	-15.995
1160	1192	29	0.9709	0.000
1160	1286	29	0.9791	-0.000
1192	1286	29	0.9704	-0.000
1085	1151	30	0.9193	0.000
273	777	30	0.9392	-0.000
777	1151	30	0.9093	-14.016
1063	1093	31	0.9784	-0.001
1063	1204	31	0.8965	-26.015
1204	1941	31	0.9071	-76.032
1632	1941	31	0.9495	-33.984
1685	1941	31	0.9479	-33.985
1729	1941	31	0.9117	-48.000
1912	1941	31	0.9228	-33.984
1941	1942	31	0.9051	14.016
1093	1204	31	0.8986	-26.014
1204	1632	31	0.9149	-42.048
1204	1685	31	0.9182	-42.047
1632	1942	31	0.8914	-19.968
1685	1942	31	0.8834	-19.969
1729	1942	31	0.8932	-33.985
1632	1685	31	0.9888	0.001
1685	1729	31	0.9179	14.016
1685	1912	31	0.9491	-0.000
1632	1912	31	0.9522	0.001
1729	1912	31	0.9459	-14.016
1632	1729	31	0.9127	14.017
1254	1323	33	0.8626	87.032
1254	1595	33	0.966	-12.037
1254	1655	33	0.9179	-12.037
1254	1790	33	0.9569	-26.052
1254	1815	33	0.9639	-60.036
1254	1862	33	0.8547	-125.122
802	1463	33	0.8867	-86.052
1087	1463	33	0.8443	-2.978
1463	1508	33	0.8574	-71.037
1463	1592	33	0.9141	-0.001
1463	1595	33	0.8646	-170.106
1595	1862	33	0.8694	-113.085
1655	1862	33	0.8494	-113.085
1790	1862	33	0.8646	-99.070
1815	1862	33	0.8466	-65.085
1359	1622	33	0.8879	-99.069
1595	1622	33	0.9127	-101.048
1622	1625	33	0.9574	30.010
1622	1655	33	0.8612	101.047
802	1592	33	0.8518	-86.053
626	1065	33	0.8772	-147.069
1065	1169	33	0.8563	-5.026
1432	1433	33	0.8688	-378.701
802	862	33	0.8784	-129.043
802	1022	33	0.9012	-111.031
802	1087	33	0.8542	-83.074
862	1022	33	0.9188	18.011
1323	1598	33	0.8679	18.011
1598	1790	33	0.8446	-131.095
1169	1508	33	0.8516	-99.069
1508	1595	33	0.8502	-99.068
1364	1625	33	0.8847	-99.069
1595	1625	33	0.9294	-71.037
1625	1655	33	0.8765	71.037
1595	1655	33	0.9272	-0.000
1655	1790	33	0.9451	-14.015
1655	1815	33	0.9124	-47.999
738	1022	33	0.8442	-182.069
1323	1359	33	0.8949	-101.047
1359	1364	33	0.9324	30.010
1359	1433	33	0.9311	1.979
1323	1364	33	0.8848	-71.037
1364	1433	33	0.9187	-28.031
1323	1790	33	0.8464	-113.084
1595	1790	33	0.9602	-14.015
1790	1815	33	0.9627	-33.984
1323	1433	33	0.8882	-99.068
1323	1815	33	0.8516	-147.068
1595	1815	33	0.9571	-48.000
1323	1595	33	0.8522	-99.069
2	170	34	0.7	-20.464
169	170	34	0.7461	-17.027
170	196	34	0.8728	-1.973
184	225	34	0.7952	0.984
196	225	34	0.8804	-0.025
205	225	34	0.7952	0.978
184	205	34	1.0	0.005
1640	1726	35	0.9491	0.002
1679	1726	35	0.9554	0.002
1640	1679	35	0.9721	0.000
622	701	36	0.9662	0.000
346	435	37	0.8359	0.002
1877	1905	39	0.9399	43.990
1399	1406	40	0.9438	-0.044
1309	1399	40	0.9039	113.084
1110	1229	41	0.8933	-16.977
1110	1452	41	0.8584	15.996
1185	1452	41	0.8412	18.009
1186	1452	41	0.8541	-364.677
1452	1453	41	0.8443	364.677
1186	1453	41	0.9882	-0.000
1187	1453	41	0.9007	9.006
1227	1453	41	0.8772	9.005
1186	1187	41	0.9066	-9.006
1187	1227	41	0.9587	0.001
1186	1227	41	0.8848	-9.005
473	891	42	0.9666	0.000
571	891	42	0.9585	0.000
662	891	42	0.9549	0.000
874	891	42	0.9608	0.000
473	874	42	0.9575	0.000
571	874	42	0.9554	0.000
662	874	42	0.9572	0.000
473	571	42	0.9753	-0.000
473	662	42	0.9768	0.000
571	662	42	0.9756	0.000
1403	1743	45	0.929	-113.084
1952	1953	46	0.7953	-347.692
1953	1958	46	0.7161	-49.534
1958	1959	46	0.7661	-1092.613
1955	1960	46	0.871	-99.068
1952	1959	46	0.7521	-1489.839
1959	1960	46	0.7854	-425.227
1450	1469	47	0.9252	30.010
1450	1559	47	0.9367	1.979
1450	1750	47	0.9324	-12.036
824	1225	47	0.9534	1.944
1060	1225	47	0.9301	-32.062
1469	1559	47	0.9433	-28.031
1469	1682	47	0.917	-42.047
1469	1750	47	0.9556	-42.047
1469	1770	47	0.9222	-39.995
546	639	47	0.9609	-63.995
639	733	47	0.9482	60.000
639	754	47	0.9354	75.996
639	784	47	0.9431	90.011
639	814	47	0.9424	60.000
639	939	47	0.9193	75.996
639	1005	47	0.9802	0.000
639	1242	47	0.9622	63.995
698	1292	47	0.9207	14.975
1211	1292	47	0.9087	63.995
1292	1770	47	0.9454	-111.032
332	939	47	0.9114	43.042
546	939	47	0.9116	12.000
733	939	47	0.9213	15.995
754	939	47	0.9155	-0.000
784	939	47	0.9257	-14.015
814	939	47	0.9164	15.995
824	939	47	0.9036	131.023
939	1005	47	0.9086	-75.995
939	1060	47	0.9158	-97.017
546	1005	47	0.9612	-63.995
733	1005	47	0.954	-60.000
754	1005	47	0.9397	-75.995
784	1005	47	0.9534	-90.011
814	1005	47	0.9496	-60.000
1005	1060	47	0.9127	-21.021
1005	1242	47	0.9768	63.995
348	1259	47	0.9174	-224.116
698	1259	47	0.9206	-111.032
960	1259	47	0.9021	18.012
546	733	47	0.9519	-3.995
546	754	47	0.9399	12.001
546	784	47	0.9511	26.016
546	814	47	0.9505	-3.995
546	1060	47	0.9227	-85.016
546	1242	47	0.9666	0.000
733	824	47	0.9268	-115.027
754	824	47	0.9339	-131.023
784	824	47	0.9277	-145.038
814	824	47	0.9286	-115.027
824	840	47	0.9029	16.979
824	844	47	0.9258	43.990
824	1060	47	0.9457	34.006
733	1060	47	0.9362	-81.021
754	1060	47	0.94	-97.017
784	1060	47	0.9481	-111.032
814	1060	47	0.9441	-81.021
1060	1242	47	0.9175	85.016
332	1242	47	0.9038	31.042
733	1242	47	0.9604	3.995
754	1242	47	0.9457	-12.000
784	1242	47	0.9622	-26.016
814	1242	47	0.9598	3.995
698	1211	47	0.9223	-49.020
1559	1750	47	0.927	-14.016
1682	1750	47	0.9286	0.000
1750	1770	47	0.919	2.052
332	372	47	0.9177	128.095
332	384	47	0.9256	128.059
332	1104	47	0.9008	-82.044
348	526	47	0.9239	16.990
426	526	47	0.915	-26.016
526	1376	47	0.9313	-147.069
372	384	47	0.9648	-0.036
384	469	47	0.9048	2.015
384	631	47	0.9156	-13.979
348	372	47	0.9239	-14.016
372	469	47	0.9129	1.979
372	631	47	0.9528	-14.016
933	1104	47	0.9058	49.978
733	814	47	0.9868	-0.000
754	814	47	0.9618	-15.995
784	814	47	0.9748	-30.011
733	754	47	0.9608	15.995
754	784	47	0.9724	14.015
348	426	47	0.9058	43.006
733	784	47	0.9753	30.011
1559	1770	47	0.9094	-11.963
1966	1968	49	0.9568	17.027
1123	1253	51	0.959	0.000
241	704	52	0.947	-48.000
494	704	52	0.9396	-33.984
548	704	52	0.9582	-33.984
704	792	52	0.9074	-14.016
704	1271	52	0.9524	-24.000
310	549	52	0.9291	-24.000
326	387	52	0.9012	-13.979
326	436	52	0.9211	18.011
326	501	52	0.92	18.010
326	1049	52	0.9293	18.011
270	792	52	0.9128	-48.000
560	792	52	0.9494	-33.984
624	792	52	0.9612	-33.984
782	2009	52	0.9118	-55.101
2009	2038	52	0.9215	-27.998
2009	2040	52	0.9355	-27.999
2009	2042	52	0.9201	-28.031
241	548	52	0.9806	-14.016
494	548	52	0.9652	-0.000
548	560	52	0.9292	-14.016
548	647	52	0.9261	-24.000
548	1153	52	0.9422	-24.000
834	977	52	0.9202	-18.011
836	977	52	0.9408	-0.984
977	1010	52	0.9312	0.000
977	1011	52	0.9074	18.011
275	648	52	0.9414	-14.016
647	648	52	0.9586	-18.011
648	1086	52	0.9098	18.011
648	1153	52	0.9414	18.011
609	747	52	0.9132	-33.984
747	782	52	0.9312	-14.016
747	1271	52	0.9069	-54.011
311	387	52	0.9504	-0.984
313	387	52	0.952	-18.011
387	501	52	0.9248	31.990
387	1049	52	0.9068	31.990
436	549	52	0.9066	-27.995
442	549	52	0.9106	-0.000
500	549	52	0.9435	18.011
549	551	52	0.9885	-18.011
549	834	52	0.9498	-16.031
549	845	52	0.9309	-50.016
549	1011	52	0.9364	-16.031
845	1857	52	0.9023	-2.052
241	282	52	0.9407	-24.000
241	494	52	0.9653	-14.016
270	560	52	0.9419	-14.016
270	624	52	0.9519	-14.016
442	500	52	0.9313	-18.011
500	551	52	0.9493	0.000
500	1010	52	0.9323	-16.031
536	555	52	0.9125	14.016
834	1011	52	0.9873	0.000
836	1011	52	0.9473	17.027
845	1011	52	0.9273	33.985
1010	1011	52	0.968	18.011
388	404	52	0.9539	-0.036
404	501	52	0.9084	14.016
311	313	52	0.9732	17.027
282	1086	52	0.9455	-14.016
494	1086	52	0.9253	-24.000
647	1086	52	0.9493	-0.000
834	1086	52	0.9146	-18.011
1086	1153	52	0.9619	0.000
1086	1271	52	0.9058	-33.984
782	2042	52	0.9128	-83.132
2036	2042	52	0.9071	-34.018
2038	2042	52	0.9249	-0.033
2040	2042	52	0.9534	-0.032
501	1049	52	0.9212	0.000
560	624	52	0.9712	0.000
834	836	52	0.9656	-17.027
834	845	52	0.9294	-33.984
834	1010	52	0.9726	-18.010
442	551	52	0.9188	-18.011
551	1010	52	0.9352	-16.031
174	782	52	0.9009	-50.016
388	501	52	0.9222	13.979
282	1271	52	0.9479	-48.000
647	1271	52	0.9377	-33.984
1153	1271	52	0.9524	-33.984
494	560	52	0.901	-14.016
275	282	52	0.9369	18.011
536	782	52	0.9536	-33.984
612	782	52	0.9292	-33.984
782	2038	52	0.9037	-83.100
782	2040	52	0.9071	-83.100
2036	2038	52	0.927	-33.986
2036	2040	52	0.9306	-33.986
254	536	52	0.9697	-14.016
282	647	52	0.9356	-14.016
282	1153	52	0.956	-14.016
536	609	52	0.9671	14.016
536	612	52	0.9494	-0.000
494	1153	52	0.9504	-24.000
647	1153	52	0.9772	0.000
836	1010	52	0.9761	-0.984
2038	2040	52	0.9569	-0.001
494	647	52	0.935	-24.000
904	905	53	0.8816	-1.002
653	1028	53	0.9038	1.032
901	1028	53	0.9303	-17.457
904	1028	53	0.9264	-16.978
901	904	53	0.9779	-0.479
2004	2005	54	0.7909	-1.997
1730	2004	54	0.8839	-33.961
213	467	55	0.7608	-22.966
420	1108	56	0.7953	-113.085
433	1108	56	0.7933	-113.049
1043	1108	56	0.767	-71.038
420	433	56	0.9432	-0.036
1762	1956	59	0.7363	-25.980
1553	1762	59	0.704	365.170
1694	1762	59	0.8453	154.074
1699	1762	59	0.7161	155.077
1552	1553	59	0.8061	-424.720
1552	1699	59	0.7029	-214.627
1552	1940	59	0.7563	-451.731
1553	1694	59	0.7923	211.096
1553	1699	59	0.7374	210.093
1694	1699	59	0.8355	-1.003
1610	1611	60	0.8903	-0.500
846	854	64	0.8891	-0.057
846	1251	64	0.8184	-99.068
919	1251	64	0.7749	-227.128
1425	1499	66	0.9006	12.995
1476	1499	66	0.9464	-14.016
1499	1772	66	0.9029	1.980
1499	1903	66	0.8625	-12.036
1499	1916	66	0.8272	-46.020
1637	1639	66	0.9103	-23.003
1637	1903	66	0.772	-400.731
1425	1772	66	0.9106	14.975
1476	1772	66	0.93	-12.036
1772	1903	66	0.9275	-14.016
1772	1916	66	0.9111	-48.000
1425	1476	66	0.9421	27.011
1476	1903	66	0.8963	-26.052
1476	1916	66	0.9098	-60.036
1425	1916	66	0.8824	-33.026
1903	1916	66	0.9167	-33.985
1425	1903	66	0.9129	0.959
1639	1903	66	0.8273	-377.729
408	967	68	0.928	-12.037
563	967	68	0.8875	1.980
579	967	68	0.8959	1.980
760	967	68	0.8929	-14.016
324	411	68	0.8911	-28.031
324	447	68	0.8984	-28.031
324	495	68	0.8934	-15.000
324	545	68	0.91	-15.000
460	545	68	0.9487	-14.016
495	545	68	0.9296	-0.000
545	879	68	0.8976	-42.047
545	998	68	0.9117	29.974
552	574	68	0.8829	-30.011
552	680	68	0.942	-44.026
552	715	68	0.9705	-14.015
552	1127	68	0.9507	-42.047
552	1365	68	0.9576	-56.062
367	956	68	0.8934	16.990
614	956	68	0.9032	-0.000
906	956	68	0.9098	30.010
945	956	68	0.8829	42.047
447	715	68	0.8836	43.006
574	715	68	0.885	15.995
680	715	68	0.9502	30.011
715	1365	68	0.9608	-42.047
408	579	68	0.8875	-14.016
537	579	68	0.8962	27.995
563	579	68	0.9858	0.000
579	628	68	0.9018	30.011
579	1304	68	0.8926	-12.036
579	1361	68	0.8834	-46.020
411	1127	68	0.9093	14.975
447	1127	68	0.9113	14.975
574	1127	68	0.8905	-12.036
680	1127	68	0.9556	1.979
998	1127	68	0.903	-28.031
1037	1127	68	0.8826	1.979
1127	1365	68	0.9713	-14.016
537	563	68	0.8996	27.995
537	628	68	0.9231	58.006
537	1304	68	0.9012	15.959
537	1361	68	0.8919	-18.025
142	864	68	0.8809	14.975
535	614	68	0.9522	0.000
568	614	68	0.8913	58.006
614	945	68	0.8824	-42.047
495	998	68	0.9114	29.974
142	191	68	0.8953	27.011
142	568	68	0.8833	16.990
411	1365	68	0.8879	0.959
447	1365	68	0.9022	0.959
574	1365	68	0.8928	-26.052
680	1365	68	0.9585	-12.036
1304	1365	68	0.9122	29.974
1346	1365	68	0.8828	29.974
411	447	68	0.9747	0.000
447	680	68	0.891	12.995
447	945	68	0.9109	16.990
495	879	68	0.8916	-42.047
628	1361	68	0.9122	-76.031
1304	1361	68	0.9159	-33.984
574	575	68	0.9882	0.036
574	680	68	0.9236	-14.015
411	680	68	0.8892	12.995
504	680	68	0.8809	-14.052
510	680	68	0.8811	-14.016
575	680	68	0.9092	-14.052
563	628	68	0.9091	30.011
563	1304	68	0.8827	-12.036
191	568	68	0.8887	-10.021
568	945	68	0.8967	15.959
504	510	68	0.9895	-0.036
460	495	68	0.9446	-14.016
399	628	68	0.8852	-14.016
628	1304	68	0.9049	-42.047
1304	1346	68	0.9037	0.000
411	945	68	0.8991	16.990
793	810	69	0.7163	-73.517
789	793	69	0.8828	0.501
789	797	69	0.7147	192.266
797	798	69	0.8408	6.004
793	797	69	0.7644	191.766
955	966	71	0.9454	27.995
669	966	71	0.8855	17.026
72	105	72	0.7865	-151.099
1696	1759	73	0.8185	-40.032
1759	1814	73	0.8774	-14.016
1759	1819	73	0.8133	-126.991
1696	1745	73	0.8349	-97.053
1745	1814	73	0.819	43.006
1745	1819	73	0.8632	-69.970
1745	1908	73	0.8118	142.110
1696	1814	73	0.8561	-54.047
1814	1819	73	0.8457	-112.976
1696	1908	73	0.808	45.057
1819	1908	73	0.8699	212.080
1696	1819	73	0.8338	-167.023
1287	1305	74	0.9208	87.032
1287	1306	74	0.9523	-14.016
1287	1334	74	0.9586	30.010
1287	1380	74	0.8856	87.032
1287	1509	74	0.9629	-12.037
1306	1334	74	0.9399	44.026
1306	1338	74	0.9155	87.032
1306	1509	74	0.9403	1.979
1380	1821	74	0.9205	104.059
1400	1821	74	0.9722	17.027
1334	1351	74	0.9242	87.033
1334	1380	74	0.9007	57.022
1334	1509	74	0.9522	-42.046
1305	1338	74	0.9452	-14.016
1338	1351	74	0.9399	44.027
1338	1382	74	0.9442	30.010
1338	1528	74	0.9453	1.980
1338	1672	74	0.942	-12.036
1380	1400	74	0.9219	87.032
1305	1672	74	0.9397	-26.052
1351	1672	74	0.9477	-56.062
1382	1672	74	0.9498	-42.046
1528	1672	74	0.9459	-14.016
1509	1528	74	0.9217	87.032
1305	1351	74	0.9551	30.011
1305	1382	74	0.955	15.994
1305	1528	74	0.9488	-12.036
1351	1382	74	0.9632	-14.017
1382	1400	74	0.8925	71.038
1382	1528	74	0.9519	-28.030
1351	1400	74	0.8938	57.021
1351	1528	74	0.9546	-42.047
899	1036	76	0.7018	-369.118
1033	1036	76	0.785	-548.234
1036	1038	76	0.7882	548.235
1036	1039	76	0.8674	0.985
1036	1041	76	0.7374	548.727
899	1039	76	0.7938	-368.133
1033	1038	76	0.9321	0.001
1038	1041	76	0.8657	0.492
1033	1041	76	0.9076	0.493
1039	1041	76	0.8082	547.742
1033	1039	76	0.7197	-547.249
936	938	77	0.7194	-392.181
938	1007	77	0.8961	-101.047
938	1158	77	0.7607	-83.037
1007	1008	77	0.7177	442.704
1007	1157	77	0.7047	451.710
1007	1158	77	0.9014	18.011
1008	1157	77	0.9171	9.005
1137	1194	78	0.8103	-57.021
1191	1194	78	0.8897	0.546
534	625	79	0.7548	0.000
625	871	79	0.7428	-125.084
625	888	79	0.7691	-125.084
534	942	79	0.7289	-42.047
871	888	79	0.8734	0.000
1933	1934	80	0.7005	50.524
1891	1954	80	0.7411	8.513
1954	1970	80	0.757	-49.534
1934	1938	80	0.7222	114.553
1934	1970	80	0.7543	8.513
1383	1408	81	0.8821	-15.995
1408	1471	81	0.8929	15.995
1069	1383	81	0.8947	-99.068
1155	1383	81	0.885	-99.068
1252	1383	81	0.8958	-99.068
1383	1471	81	0.9748	-0.000
1069	1252	81	0.9855	0.001
1155	1252	81	0.9611	-0.000
1165	1252	81	0.9121	15.995
1252	1471	81	0.8881	-99.069
1069	1165	81	0.9046	-15.994
1155	1165	81	0.8846	-15.995
1069	1155	81	0.9569	0.001
1069	1471	81	0.8886	-99.068
1356	1752	83	0.7657	17.026
1572	1665	84	0.8334	-0.001
355	1178	84	0.7277	-136.063
1178	1350	84	0.7586	-94.079
1178	1649	84	0.7528	-133.090
1389	1774	84	0.8157	-133.089
1644	1774	84	0.789	430.223
1774	1899	84	0.8915	-14.015
1176	1389	84	0.8443	297.131
1409	1861	84	0.7962	-97.018
1350	1409	84	0.7495	51.996
1350	1649	84	0.7389	-39.011
1649	1957	84	0.7203	1.032
260	355	84	0.7945	-0.984
316	355	84	0.8526	-0.000
1644	1899	84	0.7878	416.208
260	316	84	0.7694	-0.984
1572	1649	84	0.8121	97.052
1649	1899	84	0.7403	-113.083
1236	1317	85	0.9789	-0.000
1260	1261	86	0.9209	64.027
1670	1719	89	0.908	0.000
1711	1719	89	0.8137	686.325
1670	1711	89	0.7823	-686.325
841	843	90	0.9336	0.508
1138	1255	91	0.9389	129.043
1066	1255	91	0.86	-99.068
1255	1298	91	0.8689	-114.043
1149	1195	91	0.936	87.032
1195	1298	91	0.933	129.042
1195	1495	91	0.9291	17.026
1195	1618	91	0.8513	-200.117
1525	1618	91	0.8879	79.966
1066	1478	91	0.8809	-97.017
1135	1478	91	0.9521	17.026
1135	1298	91	0.8836	-99.068
1149	1298	91	0.8985	216.074
1066	1135	91	0.8721	-114.043
630	1135	91	0.8828	-113.084
1149	1618	91	0.892	-113.085
668	679	92	0.9161	-0.502
1352	1778	93	0.8042	-452.234
1673	1778	93	0.7863	-33.984
1352	1397	93	0.8725	37.516
1396	1397	93	0.8176	-96.561
1397	1398	93	0.9337	-9.005
1352	1398	93	0.8753	28.510
456	651	94	0.7911	73.053
651	652	94	0.9474	-9.005
651	902	94	0.8815	-253.622
456	652	94	0.7836	64.047
652	703	94	0.7897	0.000
652	902	94	0.8545	-244.617
380	902	94	0.8097	-71.037
466	487	95	0.7297	-39.983
487	490	95	0.7044	-354.161
1067	1464	96	0.9209	-12.036
1148	1464	96	0.9203	-42.047
1196	1464	96	0.928	-28.032
1464	1653	96	0.9452	-14.016
1464	1751	96	0.9216	-48.000
1148	1222	96	0.8986	-16.064
1222	1769	96	0.9528	-56.062
1222	1826	96	0.914	-90.047
1751	1826	96	0.8898	-16.065
1769	1826	96	0.9368	-33.985
1067	1653	96	0.969	-26.052
1148	1653	96	0.9651	-56.063
1196	1653	96	0.9706	-42.047
1653	1751	96	0.976	-33.984
1653	1769	96	0.9072	-16.064
1067	1148	96	0.9711	30.010
1148	1196	96	0.9765	-14.015
1148	1751	96	0.9601	-90.047
1067	1751	96	0.9717	-60.036
1196	1751	96	0.9682	-76.031
1067	1196	96	0.9819	15.995
1986	2045	97	0.7203	-0.000
2007	2045	97	0.7858	-0.000
2028	2045	97	0.7618	-26.016
2045	2056	97	0.7201	0.000
2045	2059	97	0.7411	-2.016
2008	2022	97	0.8081	-26.016
2008	2024	97	0.7769	-26.016
2008	2025	97	0.7913	-26.016
2008	2030	97	0.9046	-28.031
2008	2035	97	0.907	-28.031
2008	2039	97	0.7785	-11.005
2008	2041	97	0.8897	-28.031
2008	2047	97	0.904	-28.031
2008	2077	97	0.8895	-28.031
2008	2083	97	0.7849	-30.047
2031	2035	97	0.7328	-17.027
2031	2039	97	0.9036	0.000
2031	2047	97	0.7352	-17.027
2031	2085	97	0.7003	12.000
2007	2025	97	0.7318	18.010
2022	2025	97	0.9592	-0.000
2024	2025	97	0.9202	0.000
2025	2041	97	0.7638	-2.016
2025	2052	97	0.744	-18.010
2025	2077	97	0.7357	-2.016
2072	2083	97	0.8914	-28.031
2072	2084	97	0.8852	-28.031
1986	2071	97	0.8195	-2.016
2007	2071	97	0.7837	-2.016
2028	2071	97	0.8138	-28.031
2030	2071	97	0.8261	-18.010
2035	2071	97	0.8286	-18.010
2041	2071	97	0.8011	-18.010
2047	2071	97	0.8214	-18.010
2056	2071	97	0.8161	-2.016
2067	2071	97	0.7948	0.000
2071	2077	97	0.8076	18.010
1986	1993	97	0.7034	0.000
1993	2012	97	0.7983	0.000
1993	2022	97	0.7193	18.010
1993	2056	97	0.7529	0.000
1993	2061	97	0.7569	-2.016
1982	2001	97	0.9203	0.000
1982	2013	97	0.7162	-2.016
1982	2018	97	0.7531	28.031
1982	2022	97	0.7456	18.010
1982	2024	97	0.7534	18.010
1982	2027	97	0.7226	26.016
1982	2052	97	0.8027	-0.000
2013	2047	97	0.7345	18.010
2030	2047	97	0.9904	-0.000
2035	2047	97	0.9892	0.000
2039	2047	97	0.7694	-17.027
2041	2047	97	0.9549	0.000
2047	2077	97	0.9489	-0.000
2013	2077	97	0.744	18.010
2027	2077	97	0.7451	-10.021
2030	2077	97	0.9547	-0.000
2035	2077	97	0.9488	-0.000
2039	2077	97	0.7683	-17.027
2041	2077	97	0.9306	0.000
2013	2041	97	0.7388	18.010
2027	2041	97	0.7657	-10.021
2030	2041	97	0.9612	-0.000
2035	2041	97	0.9612	-0.000
2039	2041	97	0.7436	-17.027
2013	2035	97	0.7449	18.010
2030	2035	97	0.991	-0.000
2035	2039	97	0.7668	17.027
2035	2059	97	0.7346	-18.010
1986	2007	97	0.8257	0.000
1986	2028	97	0.7761	26.016
1986	2052	97	0.7959	-0.000
1986	2056	97	0.9243	0.000
1986	2061	97	0.743	-2.016
1986	2067	97	0.7693	-2.016
2013	2067	97	0.8526	-0.000
2028	2067	97	0.8551	-28.031
2052	2067	97	0.7418	-2.016
2061	2067	97	0.7598	-0.000
2073	2085	97	0.7933	-28.031
2076	2085	97	0.7433	-28.031
2080	2085	97	0.7177	-14.016
2081	2085	97	0.7269	-14.016
2080	2081	97	0.9075	0.000
2007	2056	97	0.8523	0.000
2052	2056	97	0.7669	0.000
2073	2076	97	0.8124	0.000
2007	2028	97	0.8045	26.016
2018	2028	97	0.7068	-2.016
2028	2052	97	0.8029	-26.016
2028	2059	97	0.8914	-28.031
2022	2083	97	0.734	-4.031
2024	2083	97	0.745	-4.031
2059	2083	97	0.8044	15.995
2083	2084	97	0.9597	0.000
2001	2052	97	0.7529	-0.000
2013	2052	97	0.7594	2.016
2022	2052	97	0.7652	-18.011
2024	2052	97	0.7734	-18.010
2001	2024	97	0.7478	18.010
2022	2024	97	0.9651	-0.000
2024	2039	97	0.7538	15.011
2024	2084	97	0.7427	-4.031
2022	2039	97	0.7456	15.011
2030	2039	97	0.7669	17.026
2022	2084	97	0.7259	-4.031
2059	2084	97	0.7842	15.995
2007	2059	97	0.7742	-2.016
2001	2027	97	0.7402	26.016
2013	2027	97	0.817	28.031
2027	2030	97	0.7455	-10.021
2027	2061	97	0.7613	-28.031
2013	2030	97	0.7418	18.010
2013	2061	97	0.8535	-0.000
2001	2022	97	0.7488	18.010
2001	2018	97	0.7169	28.031
2012	2061	97	0.7522	-2.016
2059	2061	97	0.7388	-0.000
1995	2001	97	0.7219	15.995
2030	2059	97	0.7355	-18.010
2057	2060	98	0.7889	-0.000
2057	2069	98	0.7286	-0.000
2054	2060	98	0.7853	-2.016
2054	2069	98	0.7911	-2.016
2060	2069	98	0.8224	-0.000
979	983	99	0.888	-287.184
1333	1435	103	0.879	-85.963
1333	1651	103	0.8869	-111.032
1435	1651	103	0.9111	-25.069
1650	1651	103	0.8744	1.004
569	582	104	0.7443	359.111
570	582	104	0.8546	-64.030
576	582	104	0.7679	-104.013
570	576	104	0.844	39.983
576	578	104	0.8375	-383.157
569	578	104	0.7727	79.966
570	578	104	0.7149	-343.174
578	599	104	0.7713	48.093
569	570	104	0.7503	423.141
569	599	104	0.7934	128.059
1493	1500	106	0.7424	-114.042
1500	1502	106	0.7653	539.301
1500	1833	106	0.864	17.026
1502	1832	106	0.7127	8.514
1502	1721	106	0.7636	-56.541
1493	1496	106	0.7982	482.281
1493	1833	106	0.7291	-97.016
1084	1262	107	0.92	-14.015
1262	1300	107	0.9572	63.995
1042	1676	108	0.897	-42.047
379	642	108	0.9094	18.010
642	682	108	0.908	57.022
642	1264	108	0.9062	40.007
379	682	108	0.8897	75.032
135	682	108	0.8864	-111.032
216	682	108	0.9107	-54.011
682	1810	108	0.9388	-10.009
1676	1810	108	0.9025	-33.984
135	216	108	0.8924	-57.021
1758	1922	109	0.8593	29.973
1426	1448	109	0.9293	-14.015
1448	1475	109	0.8959	41.026
1448	1498	109	0.9134	27.010
1448	1549	109	0.901	71.037
1448	1562	109	0.8935	57.021
1448	1675	109	0.9161	-35.005
1448	1785	109	0.9262	-2.982
1448	1902	109	0.9123	14.974
1448	1917	109	0.9201	-19.010
1426	1498	109	0.9516	12.995
1475	1498	109	0.9759	-14.016
1498	1549	109	0.9602	44.027
1498	1562	109	0.966	30.011
1498	1675	109	0.9618	-62.015
1498	1775	109	0.9761	1.980
1498	1785	109	0.9662	-29.992
1498	1902	109	0.9679	-12.036
1498	1917	109	0.9606	-46.021
1426	1549	109	0.9455	57.022
1475	1549	109	0.9682	30.011
1549	1562	109	0.977	-14.016
1549	1675	109	0.9539	-106.042
1549	1775	109	0.9695	-42.047
1549	1785	109	0.9669	-74.019
1549	1902	109	0.9726	-56.063
1549	1917	109	0.9505	-90.047
1426	1785	109	0.959	-16.997
1475	1785	109	0.9713	-44.008
1562	1785	109	0.9751	-60.003
1675	1785	109	0.9723	32.023
1775	1785	109	0.9817	-31.972
1785	1902	109	0.98	17.956
1785	1917	109	0.9716	-16.028
1426	1475	109	0.9518	27.011
1475	1562	109	0.9744	15.995
1475	1675	109	0.9596	-76.031
1475	1775	109	0.9781	-12.036
1475	1902	109	0.9735	-26.052
1475	1917	109	0.9663	-60.036
1426	1562	109	0.9497	43.006
1562	1675	109	0.9627	-92.026
1562	1775	109	0.9733	-28.031
1562	1902	109	0.978	-42.047
1562	1917	109	0.9645	-76.031
1426	1675	109	0.9595	-49.020
1675	1775	109	0.9717	63.995
1675	1902	109	0.9701	49.979
1675	1917	109	0.9651	15.995
1775	1922	109	0.9294	-113.086
1426	1775	109	0.9548	14.975
1775	1902	109	0.9823	-14.016
1775	1917	109	0.9711	-48.000
1426	1902	109	0.9671	0.959
1902	1917	109	0.9731	-33.984
1426	1917	109	0.9615	-33.026
1284	1402	110	0.7086	-193.140
1378	1402	110	0.8919	87.032
183	376	113	0.9017	0.036
255	376	113	0.8869	-2.052
771	801	114	0.9024	27.011
771	878	114	0.9254	12.995
771	911	114	0.8467	43.006
771	925	114	0.8402	43.006
801	911	114	0.9562	15.995
878	911	114	0.945	30.010
911	925	114	0.9728	0.000
801	925	114	0.9519	15.995
878	925	114	0.9373	30.010
801	878	114	0.9667	-14.015
1385	1386	115	0.8699	0.502
677	751	116	0.9636	0.036
717	751	116	0.9589	0.036
751	764	116	0.9348	-0.036
677	717	116	0.9646	0.000
677	764	116	0.9475	0.000
717	764	116	0.947	0.000
95	1505	119	0.7265	-26.029
117	1505	119	0.7668	-25.995
59	117	119	0.7446	37.921
95	117	119	0.9781	-0.035
58	59	119	0.8872	-15.974
83	91	121	0.801	27.934
91	177	121	0.9102	0.011
157	403	122	0.8876	-26.016
358	403	122	0.9022	0.000
403	700	122	0.8925	-16.031
157	358	122	0.8107	-26.016
157	700	122	0.8943	-42.047
358	700	122	0.817	-16.031
1030	1172	123	0.7298	43.516
1715	1720	124	0.8446	-0.999
1237	1247	125	0.904	310.165
340	636	126	0.8453	-0.948
239	386	129	0.9827	0.050
312	386	129	0.9804	0.019
386	422	129	0.9198	-16.081
386	515	129	0.9152	-16.081
386	517	129	0.9707	-0.050
386	697	129	0.8976	-50.065
239	515	129	0.9191	-16.032
312	515	129	0.9253	-16.062
422	515	129	0.9198	0.000
515	517	129	0.9057	16.031
515	697	129	0.8898	-33.984
239	697	129	0.8957	-50.016
312	697	129	0.9147	-50.046
422	697	129	0.9308	-33.984
517	697	129	0.901	-50.016
239	312	129	0.9846	0.030
312	422	129	0.9376	-16.062
312	517	129	0.979	-0.030
239	422	129	0.9313	-16.032
422	517	129	0.9182	16.032
239	517	129	0.9817	-0.000
860	898	130	0.9609	0.000
726	975	131	0.7906	-20.026
975	982	131	0.886	-316.154
1342	1410	134	0.7149	-7.998
338	523	135	0.8118	15.994
394	654	136	0.8852	-54.047
413	654	136	0.9298	-14.016
352	413	136	0.8643	-2.016
643	734	137	0.9085	-87.031
317	334	140	0.8842	-8.992
334	335	140	0.9298	-218.116
334	336	140	0.8731	-0.502
334	370	140	0.8061	0.049
119	317	140	0.7881	159.082
119	335	140	0.7808	-68.026
327	336	140	0.8924	0.435
317	336	140	0.8451	-9.493
335	336	140	0.8673	217.614
317	370	140	0.8282	-8.942
335	370	140	0.8163	218.165
317	335	140	0.9671	-227.108
210	1078	141	0.9088	-36.036
463	1078	141	0.9734	-48.000
608	1078	141	0.9485	15.995
150	210	141	0.9013	-10.021
210	463	141	0.9057	11.963
150	251	141	0.9342	-14.016
463	608	141	0.9401	-63.995
1777	1964	143	0.7861	-27.920
1964	1972	143	0.9455	-0.111
1964	1973	143	0.9178	-18.122
1215	1777	143	0.79	-28.031
1972	1973	143	0.9445	-18.011
1777	1972	143	0.78	-28.031
158	188	146	0.8896	-14.016
160	1034	146	0.8843	-66.047
650	1034	146	0.8604	-83.074
665	1034	146	0.9055	18.011
833	1034	146	0.8952	18.011
188	833	146	0.8794	-12.037
665	833	146	0.9773	0.000
160	188	146	0.847	-72.021
188	645	146	0.8927	29.974
188	665	146	0.8912	-12.037
533	540	147	0.7445	-39.983
540	604	147	0.7487	57.022
1367	1516	148	0.8371	-14.016
1368	1516	148	0.7888	0.990
339	637	150	0.9082	-0.948
353	637	150	0.7142	-139.063
280	339	150	0.7476	-39.065
1119	1285	156	0.9017	-99.068
1716	1839	158	0.9224	-99.069
564	573	159	0.8564	-0.984
573	638	159	0.9152	0.000
1937	1939	160	0.9281	-0.501
64	103	163	0.7911	57.033
64	398	163	0.8673	-79.042
51	68	163	0.8409	79.015
51	70	163	0.7982	79.341
68	103	163	0.812	21.982
68	70	163	0.9877	0.326
724	725	164	0.9718	204.593
724	756	164	0.895	-1.031
724	757	164	0.8448	221.104
724	786	164	0.8235	12.984
724	813	164	0.9709	-17.027
725	786	164	0.8146	-191.609
756	786	164	0.935	14.015
757	786	164	0.8618	-208.120
786	813	164	0.9114	-30.011
725	813	164	0.9852	-221.619
756	813	164	0.9099	-15.996
757	813	164	0.805	-238.131
725	757	164	0.8253	16.511
756	757	164	0.9636	222.135
725	756	164	0.8303	-205.624
837	1113	168	0.7544	15.994
1827	1929	171	0.8194	-196.122
1962	1963	173	0.8968	-18.011
1963	1984	173	0.8435	-0.082
333	1984	173	0.8274	-95.098
881	950	174	0.9581	-14.016
950	965	174	0.928	44.026
950	1027	174	0.9591	30.011
950	1354	174	0.9205	1.980
950	1569	174	0.9341	-12.036
412	596	174	0.946	-14.016
412	646	174	0.9263	15.995
1858	1907	174	0.9414	-33.984
1308	1329	174	0.9048	-114.043
1329	1754	174	0.9376	17.027
1817	1885	174	0.9133	-33.985
881	1027	174	0.9679	15.995
965	1027	174	0.9648	-14.015
1027	1159	174	0.9119	-14.016
1027	1569	174	0.9534	-42.047
997	1308	174	0.9018	-111.069
1308	1394	174	0.9268	101.048
1308	1754	174	0.9134	-97.016
997	1488	174	0.9095	-10.021
1159	1488	174	0.9086	-26.017
1488	1658	174	0.9151	-16.031
1488	1747	174	0.9332	-50.015
1488	1858	174	0.9038	-113.084
997	1747	174	0.9512	-60.036
1159	1747	174	0.9375	-76.032
1658	1747	174	0.9627	-33.984
451	1032	174	0.9058	-33.948
969	1032	174	0.979	0.000
1032	1147	174	0.9133	-0.000
451	1394	174	0.9135	15.011
816	1394	174	0.9237	-12.036
1097	1394	174	0.9122	-111.068
451	816	174	0.904	27.047
1097	1250	174	0.9191	-15.018
451	969	174	0.9106	-33.948
969	1147	174	0.9374	0.000
1569	1817	174	0.9049	-48.000
596	646	174	0.9095	30.011
646	1159	174	0.9198	-113.084
881	965	174	0.9591	30.010
881	1569	174	0.9436	-26.052
997	1159	174	0.9665	15.995
1159	1658	174	0.9443	-42.047
965	1569	174	0.9342	-56.063
997	1658	174	0.9511	-26.052
1105	1371	177	0.8535	-99.034
999	1015	180	0.7977	-4.482
1015	1480	180	0.7327	-105.070
870	1210	182	0.768	121.082
1120	1210	182	0.7613	-57.513
1121	1210	182	0.7615	291.188
1209	1210	182	0.8632	406.214
1121	1143	182	0.8783	-114.042
1142	1143	182	0.8098	-0.000
1143	1209	182	0.9177	-0.984
870	1121	182	0.8521	-170.106
1029	1121	182	0.8716	-71.038
1120	1121	182	0.7717	-348.701
1121	1209	182	0.9182	-115.026
1142	1209	182	0.7885	-0.984
870	1029	182	0.8077	-99.069
1029	1209	182	0.8386	-186.064
870	1209	182	0.7901	-285.133
151	850	184	0.8581	-113.084
364	1173	187	0.8446	-147.068
1031	1173	187	0.8407	87.032
1613	1652	188	0.9	83.037
1680	1723	189	0.9615	0.000
928	1184	191	0.9563	-12.036
928	1249	191	0.9256	44.985
928	1581	191	0.9421	-86.053
928	1691	191	0.9395	-86.052
1184	1691	191	0.9298	-74.017
1249	1691	191	0.924	-131.037
1581	1691	191	0.9735	0.000
1184	1295	191	0.9221	-115.028
1265	1295	191	0.9276	-0.000
1295	1347	191	0.9323	23.001
1347	1482	191	0.9831	-14.016
1357	1482	191	0.9584	-14.051
720	1249	191	0.9367	-12.036
894	1249	191	0.9213	-42.047
1035	1249	191	0.9397	49.979
1249	1581	191	0.9285	-131.038
1274	1283	191	0.9369	-13.979
1283	1782	191	0.9313	17.027
1347	1357	191	0.9674	0.035
894	1068	191	0.9456	-33.984
1062	1068	191	0.9785	-0.000
1184	1581	191	0.9301	-74.017
1581	1782	191	0.9261	15.081
993	1279	191	0.9493	15.995
1184	1279	191	0.9587	-33.985
1273	1279	191	0.9408	58.005
993	1184	191	0.9547	49.980
720	1035	191	0.9348	-62.016
894	1062	191	0.9404	-33.984
1297	1796	194	0.9076	-147.068
1793	1797	194	0.9533	0.501
1796	1797	194	0.9203	491.274
1793	1796	194	0.9068	-490.773
2082	2088	196	0.9996	0.000
2086	2088	196	0.9992	-0.000
2082	2086	196	0.999	0.000
1179	1390	197	0.8933	-99.069
1177	1179	197	0.88	1.003
99	209	198	0.9246	0.984
988	1016	200	0.8103	1.096
991	1016	200	0.9865	0.094
988	991	200	0.823	1.003
723	800	201	0.8369	-0.000
800	803	201	0.8265	424.171
1438	1521	202	0.7269	209.140
1439	1521	202	0.7205	-145.561
1521	1522	202	0.8597	-500.262
1366	1522	202	0.8066	-253.141
941	1366	202	0.8637	-113.085
1438	1439	202	0.8852	354.701
974	1315	204	0.884	-111.032
1272	1315	204	0.921	-0.001
974	1272	204	0.8187	-111.031
132	175	206	0.9766	0.000
145	195	207	0.858	-2.052
195	627	207	0.8704	31.006
202	627	207	0.8818	-10.021
512	627	207	0.9073	0.000
521	627	207	0.8417	-26.016
627	1318	207	0.8899	-95.074
627	1627	207	0.8902	-95.074
202	521	207	0.9342	15.995
437	521	207	0.8429	-141.090
512	521	207	0.8976	26.016
519	521	207	0.8429	-141.085
202	512	207	0.9052	-10.021
195	1318	207	0.8761	-64.068
1164	1318	207	0.8878	18.010
1318	1627	207	0.9758	-0.000
195	1164	207	0.8698	-82.078
1164	1627	207	0.9049	18.010
195	1627	207	0.8715	-64.068
437	519	207	1.0	-0.006
893	940	208	0.7808	129.043
461	940	208	0.8153	15.995
331	444	209	0.8575	0.971
341	444	209	0.9451	-0.000
444	735	209	0.8319	-56.542
709	735	209	0.9805	-0.000
331	341	209	0.8429	0.971
331	428	209	0.8423	-210.174
428	470	209	0.8233	191.129
428	872	209	0.8276	-71.037
470	872	209	0.9828	-262.166
903	907	210	0.8901	0.500
907	1111	210	0.9163	9.005
903	909	210	0.8492	-381.179
903	1111	210	0.8564	9.505
1474	1638	211	0.7967	113.084
1638	1643	211	0.8535	-1.004
1638	1648	211	0.9596	-0.039
1638	1773	211	0.8043	-113.084
1474	1773	211	0.9154	0.000
1643	1648	211	0.8432	0.964
729	815	212	0.9111	-0.000
755	815	212	0.791	-15.996
788	815	212	0.8416	-30.011
329	788	212	0.8075	57.058
729	788	212	0.8167	30.011
755	788	212	0.9182	14.015
788	1059	212	0.8294	-111.033
729	755	212	0.7802	15.996
755	1059	212	0.8085	-97.018
683	1132	213	0.846	1.979
1132	1355	213	0.8885	-14.015
1132	1414	213	0.8424	-14.015
1234	1316	215	0.969	-0.000
1234	1401	215	0.8699	-12.000
1234	1628	215	0.8846	-113.085
1316	1401	215	0.8842	-12.000
1316	1628	215	0.9042	-113.084
455	743	216	0.9412	0.984
743	1080	216	0.8945	-0.000
605	915	218	0.9525	-111.032
710	915	218	0.9515	18.010
605	710	218	0.9068	-129.042
2000	2044	219	0.8086	-42.047
2000	2066	219	0.7362	-70.078
1961	2044	219	0.71	-83.289
2044	2066	219	0.8115	-28.031
910	1115	222	0.8053	-272.142
1576	1921	223	0.857	-55.516
1661	1921	223	0.8469	8.513
2070	2094	224	0.8252	-168.188
2093	2094	224	0.803	45.058
990	1586	225	0.9536	-60.036
1023	1586	225	0.8749	-90.047
1026	1586	225	0.9472	-46.021
1070	1586	225	0.8741	-76.032
1518	1586	225	0.9501	-33.984
990	1518	225	0.9598	-26.052
1023	1518	225	0.8826	-56.063
1026	1518	225	0.9586	-12.037
1070	1518	225	0.9209	-42.047
1479	1518	225	0.8413	69.969
820	1479	225	0.9642	-26.052
1477	1479	225	0.8464	1.003
820	990	225	0.8425	69.969
990	1023	225	0.8831	30.011
990	1026	225	0.9438	-14.015
990	1070	225	0.8849	15.995
1023	1070	225	0.8709	-14.016
1026	1070	225	0.8949	30.011
1023	1026	225	0.8903	-44.026
1002	1391	227	0.8182	-24.544
1116	1391	227	0.8321	-24.544
1002	1116	227	0.9549	0.000
1419	1423	228	0.8253	0.501
1419	1462	228	0.9366	0.009
1418	1423	228	0.7559	-189.277
1418	1462	228	0.7049	-189.769
1423	1462	228	0.8248	-0.492
1289	1331	231	0.7973	-44.027
1175	1180	231	0.8426	-39.065
1175	1216	231	0.9428	-14.053
1175	1331	231	0.7729	194.104
883	1331	231	0.8051	-113.085
1088	1208	232	0.9831	0.001
1088	1728	232	0.9191	-42.046
1088	1768	232	0.9131	-42.046
1728	1742	232	0.9298	14.016
1742	1768	232	0.925	-14.016
1208	1768	232	0.92	-42.047
1728	1768	232	0.9744	-0.000
1208	1728	232	0.9255	-42.047
799	826	237	0.9661	0.000
1166	1168	240	0.9221	0.465
1761	1932	244	0.7675	186.600
1868	1932	244	0.854	-49.534
1932	1948	244	0.7942	-99.051
1761	1868	244	0.7881	236.134
1074	1540	245	0.883	-147.068
1486	1487	246	0.7295	-21.982
959	961	248	0.8584	9.005
363	392	249	0.9563	-0.000
392	441	249	0.8219	246.208
363	441	249	0.7902	246.208
423	441	249	0.7423	25.031
778	785	250	0.9929	-0.036
566	660	252	0.8371	87.033
566	681	252	0.931	15.996
660	681	252	0.8469	-71.037
897	944	253	0.9257	-27.995
897	996	253	0.907	-42.011
542	996	253	0.9136	-16.031
944	996	253	0.9512	-14.016
373	542	253	0.896	8.016
783	796	254	0.9711	0.015
783	985	254	0.8699	49.500
783	994	254	0.8893	49.980
985	994	254	0.9735	0.479
1102	1103	255	0.9272	-8.513
772	922	257	0.741	-111.032
811	922	257	0.8182	18.011
264	295	259	0.9197	58.005
759	807	260	0.745	-129.044
807	865	260	0.8304	-0.984
415	505	263	0.8321	-71.037
505	506	263	0.8405	222.618
505	507	263	0.8666	71.037
396	415	263	0.8896	-0.018
396	507	263	0.8895	-0.018
415	507	263	0.9552	-0.000
506	507	263	0.8017	-151.581
2016	2017	265	0.8068	-45.058
763	1079	266	0.8578	-87.032
727	731	267	0.9306	18.011
727	741	267	0.8624	58.006
727	1052	267	0.9009	18.011
741	770	267	0.9781	0.484
741	773	267	0.9851	-0.000
741	1044	267	0.9016	18.010
731	1044	267	0.8704	58.006
770	1044	267	0.8901	17.526
773	1044	267	0.8749	18.011
1044	1052	267	0.8745	-58.005
770	773	267	0.9762	-0.484
731	1052	267	0.9622	0.000
686	832	268	0.9392	-33.984
615	618	270	0.9638	0.013
1134	1617	271	0.7897	-214.616
378	389	273	0.986	-0.054
1430	1830	275	0.8929	15.995
1557	1830	275	0.8922	18.011
781	1879	275	0.8625	-32.040
1162	1879	275	0.9283	-90.047
1557	1879	275	0.8622	-16.064
1575	1879	275	0.9713	-0.001
1879	1918	275	0.907	-111.032
1557	1575	275	0.8742	-16.063
1557	1588	275	0.8795	-2.048
781	1162	275	0.8778	58.007
781	1575	275	0.8455	-32.040
1162	1575	275	0.9268	-90.046
1162	1918	275	0.8908	-201.080
1575	1918	275	0.9271	-111.033
371	375	277	0.9037	-14.016
167	198	280	0.7482	-1.974
2049	2050	282	0.9371	-18.011
2021	2050	282	0.8735	-28.032
1979	1989	283	0.7594	499.764
1054	1205	284	0.8506	113.084
1534	1799	285	0.9819	-0.000
658	659	289	0.9473	-8.513
658	766	289	0.7637	10.003
522	525	290	0.9104	9.005
525	1106	290	0.8464	4.447
1106	1112	290	0.9275	0.045
128	129	291	0.7488	-63.998
129	274	291	0.7844	63.998
128	274	291	0.9021	0.000
739	1020	293	0.9649	-14.016
1020	1081	293	0.942	-0.000
1020	1139	293	0.9143	-33.984
1020	1811	293	0.9593	-42.047
1081	1811	293	0.9459	-42.047
739	1081	293	0.9321	-14.016
1294	1321	295	0.8492	0.028
634	708	301	0.774	39.983
678	708	301	0.9356	0.000
687	708	301	0.764	-39.983
634	678	301	0.7514	39.983
678	687	301	0.7685	39.983
634	687	301	0.7568	79.966
516	825	303	0.7345	114.042
617	825	303	0.8372	87.031
402	617	303	0.7927	-42.011
516	617	303	0.8839	27.011
453	516	303	0.8278	-0.984
1547	1647	306	0.8834	211.095
1061	1573	306	0.8734	-113.030
1573	1647	306	0.9059	-99.069
962	1061	306	0.8446	128.042
962	1055	306	0.8724	129.043
1055	1206	306	0.8776	128.096
1451	1457	307	0.7866	0.513
761	1374	309	0.8811	-147.069
1565	1577	311	0.9658	0.041
1224	1267	312	0.9208	0.000
429	1141	313	0.7314	-57.521
1335	1341	315	0.9591	0.461
1789	1812	318	0.9233	-33.985
116	524	319	0.8455	-12.037
418	524	319	0.8659	-14.016
934	1045	322	0.9162	-71.037
980	981	326	0.8626	9.005
736	866	327	0.9048	-69.022
1620	1630	328	0.8542	-488.778
114	180	330	0.9293	0.050
927	972	331	0.798	-101.049
443	972	331	0.7431	-113.085
556	1057	333	0.7998	-99.068
819	1233	334	0.8639	15.995
1538	1872	336	0.7737	444.236
1744	1872	336	0.7541	-99.068
600	667	339	0.904	-0.501
600	676	339	0.8083	-344.680
667	676	339	0.8052	-344.180
676	861	339	0.7321	128.094
136	153	348	0.8095	-14.016
153	265	348	0.8059	0.000
153	296	348	0.8029	0.000
153	464	348	0.799	-97.017
153	493	348	0.7855	-33.983
136	265	348	0.9339	-14.016
265	296	348	0.979	0.000
265	493	348	0.9312	-33.983
136	296	348	0.9198	-14.016
296	493	348	0.9282	-33.983
136	493	348	0.8991	-47.999
1629	1646	351	0.8898	1.003
1641	1646	351	0.9299	-1.003
1635	1642	357	0.8431	291.144
930	1006	358	0.7947	-71.037
1554	1626	362	0.8482	28.510
1666	1787	362	0.8413	-28.031
1666	1875	362	0.8425	-42.047
1626	1746	362	0.8598	-16.991
1626	1875	362	0.8444	-457.297
1787	1875	362	0.8499	-14.016
1567	1660	363	0.963	-313.172
16	102	366	0.8903	-10.021
16	144	366	0.9041	-9.971
16	219	366	0.898	-26.052
16	514	366	0.8986	-10.021
16	520	366	0.872	15.995
102	144	366	0.9824	0.050
102	219	366	0.9147	-16.031
102	253	366	0.8843	0.050
102	514	366	0.9835	-0.000
102	520	366	0.8814	26.016
11	144	366	0.8714	31.092
144	219	366	0.9165	-16.081
144	253	366	0.9052	0.000
144	514	366	0.979	-0.050
144	520	366	0.8962	25.966
219	520	366	0.884	42.047
253	520	366	0.8649	25.966
514	520	366	0.8932	26.016
253	514	366	0.8881	-0.050
219	514	366	0.9203	16.031
1713	1717	368	0.751	0.501
1717	1836	368	0.7852	-49.534
1633	1634	369	0.8076	-410.217
97	109	375	0.9419	0.011
1822	1855	376	0.744	43.515
1718	1835	378	0.7507	-99.069
978	995	380	0.9927	-0.000
178	1050	381	0.857	-26.052
1837	1838	382	0.8514	0.500
1838	1913	382	0.7904	-49.533
176	497	383	0.8487	12.995
462	497	383	0.9929	-0.000
176	462	383	0.8454	12.995
1174	1373	384	0.8903	-111.034
1373	1375	384	0.8617	-1.003
856	1174	384	0.8498	-99.068
1327	1501	389	0.7005	-233.112
1327	1506	389	0.7411	-232.611
1501	1506	389	0.943	0.501
769	1094	390	0.846	17.025
108	148	392	0.7605	-0.984
689	690	393	0.8101	-339.173
690	691	393	0.858	243.122
690	817	393	0.9217	128.058
691	817	393	0.8694	-115.064
1621	1703	394	0.8678	-14.015
1591	1597	394	0.8851	-9.006
1597	1621	394	0.8507	-35.518
230	343	395	0.7855	-101.048
111	154	396	0.8445	0.000
154	200	396	0.8468	259.155
1466	1513	400	0.7413	15.006
1413	1513	400	0.7344	7.998
1854	1976	405	0.9173	1.979
538	607	407	0.7516	87.033
538	543	407	0.8001	1.004
472	1167	408	0.8242	-113.084
1733	1735	411	0.943	-0.502
620	649	413	0.9205	-0.000
943	1301	415	0.9388	-14.016
1228	1301	415	0.9578	0.000
1301	1431	415	0.9203	-33.984
1228	1353	415	0.9009	-33.984
1353	1431	415	0.9682	-0.000
943	1228	415	0.9817	-14.016
1228	1431	415	0.9126	-33.984
943	1431	415	0.9113	-48.000
416	417	418	0.8443	-48.003
234	298	420	0.7306	13.032
115	234	420	0.724	-29.974
123	234	420	0.7164	-97.053
1170	1223	421	0.9733	-0.001
602	707	427	0.7275	73.053
602	712	427	0.7239	64.048
707	712	427	0.9201	-9.005
707	714	427	0.9284	-9.507
712	714	427	0.9799	-0.501
795	849	428	0.7378	-10.346
849	853	428	0.735	-394.209
670	1593	431	0.9662	0.000
670	1841	431	0.9638	0.000
1593	1841	431	0.9497	0.000
1468	1470	434	0.9656	-0.517
1470	1473	434	0.977	0.502
1468	1473	434	0.9883	-0.015
657	1145	437	0.7444	-199.049
721	1145	437	0.7897	-70.005
758	1145	437	0.7995	17.026
657	721	437	0.7246	-129.044
721	758	437	0.7012	-87.031
12	84	441	0.9985	0.000
227	400	443	0.9671	-0.000
1441	1860	446	0.9303	17.027
1519	1526	449	0.9825	-0.054
1883	1884	452	0.9771	-0.502
237	547	453	0.8631	-111.033
344	419	456	0.9125	27.011
391	419	456	0.9058	27.011
410	419	456	0.8701	-87.032
344	391	456	0.9357	-0.000
344	410	456	0.8073	114.043
391	410	456	0.8165	114.043
229	477	458	0.8793	15.995
875	937	460	0.8798	0.000
954	1098	461	0.8666	69.968
1092	1098	461	0.9739	-69.969
120	231	464	0.9091	-28.031
231	827	464	0.9058	-87.011
1600	1803	467	0.7484	-131.066
1322	1599	471	0.747	-99.067
1792	1925	474	0.7687	17.026
1809	1925	474	0.7452	-111.032
958	1014	478	0.9492	-14.015
484	821	480	0.8429	15.995
57	101	481	0.9369	-0.212
722	732	483	0.9713	-68.074
1411	1446	487	0.9837	0.010
92	133	489	0.8608	0.049
509	1490	490	0.7508	-73.078
1314	1490	490	0.7489	137.060
1314	1624	490	0.7088	-113.084
557	592	492	0.9815	0.000
320	350	495	0.9741	0.000
603	914	500	0.8015	-111.032
920	921	502	0.7905	330.660
1802	1978	504	0.911	-28.031
256	553	506	0.9331	-223.175
278	553	506	0.9605	-222.619
291	553	506	0.9289	-222.117
299	553	506	0.9352	-223.175
256	278	506	0.9553	-0.556
278	291	506	0.9513	-0.502
278	299	506	0.9578	0.556
256	291	506	0.9954	-1.058
256	299	506	0.9991	0.000
291	299	506	0.9947	1.058
1326	1465	512	0.7705	-13.998
496	499	513	0.8759	-360.148
283	554	516	0.9597	-0.000
674	692	519	0.9784	0.000
663	664	521	0.9435	17.027
790	791	523	0.8106	-338.657
1824	1825	524	0.7983	1.003
424	434	528	0.859	-0.498
2051	2075	532	0.7928	-28.031
1310	1311	534	0.9254	-23.003
481	823	539	0.8021	323.132
113	248	547	0.9086	18.011
194	250	550	0.7505	10.068
250	629	550	0.7467	29.938
304	629	550	0.798	-10.021
1447	1818	554	0.8758	-113.084
290	565	558	0.8354	18.010
489	851	559	0.8849	18.011
1537	1700	566	0.8527	-49.534
1558	1587	568	0.8388	-2.048
611	623	572	0.9704	-0.000
530	806	575	0.9539	-14.016
1460	1693	577	0.7239	-262.131
1603	1693	577	0.7143	-99.067
1460	1967	577	0.7839	17.027
1977	1980	580	0.9291	0.000
890	924	581	0.9637	0.000
1275	1360	595	0.8765	-0.001
1303	1324	597	0.8469	-114.044
1072	1523	604	0.9314	0.000
1527	1529	621	0.8377	-1.003
452	632	638	0.9384	49.979
2033	2037	642	0.7988	0.000
374	395	655	0.931	0.000
