CLUSTERID1	CLUSTERID2	ComponentIndex	Cosine	DeltaMZ
280	286	1	0.9255	-0.036
1672	1914	2	0.9124	71.038
1910	1914	2	0.9292	0.437
210	738	3	0.9411	26.016
215	738	3	0.9435	-17.026
281	738	3	0.9262	-17.026
738	762	3	0.9081	-234.112
210	215	3	0.9126	43.042
215	281	3	0.9597	0.000
215	873	3	0.9351	12.000
210	281	3	0.9017	43.042
281	873	3	0.9132	12.000
747	762	3	0.9501	226.124
739	747	3	0.9151	92.093
1792	1935	4	0.9782	0.000
1792	2000	4	0.9109	-16.031
1792	2114	4	0.904	-2.016
1792	2141	4	0.9739	-0.000
1644	2310	4	0.9427	-18.021
1644	2320	4	0.911	-3.995
1644	2347	4	0.9427	-18.011
1644	2363	4	0.9051	24.000
1644	2387	4	0.9259	24.000
1944	2401	4	0.9676	26.052
1945	2401	4	0.9548	60.036
2055	2401	4	0.9549	44.008
2063	2401	4	0.9706	12.037
2235	2401	4	0.9565	76.031
2324	2401	4	0.9574	-15.995
2333	2401	4	0.9601	14.016
2362	2401	4	0.9532	42.011
2397	2401	4	0.9625	41.027
2401	2405	4	0.9493	30.010
1935	2000	4	0.9015	-16.031
2000	2114	4	0.9847	14.015
2000	2141	4	0.9196	16.031
2000	2387	4	0.9182	26.052
2363	2387	4	0.9266	0.000
1732	2293	4	0.9427	-18.011
1744	2327	4	0.9199	9.985
2292	2327	4	0.9184	-30.011
2327	2385	4	0.9111	-30.010
2159	2320	4	0.918	0.000
2159	2350	4	0.9074	58.006
1935	2141	4	0.9683	-0.000
2114	2141	4	0.9195	2.016
2114	2387	4	0.9214	12.037
1944	2333	4	0.9588	12.036
2063	2333	4	0.9534	-1.979
2209	2333	4	0.9237	-3.995
2333	2387	4	0.9468	14.016
2333	2397	4	0.9668	-27.011
2320	2356	4	0.9185	0.984
1944	2324	4	0.9699	42.047
1945	2324	4	0.9552	76.031
2055	2324	4	0.9679	60.003
2063	2324	4	0.9791	28.031
2235	2324	4	0.9539	92.026
2324	2362	4	0.9532	-58.006
2324	2397	4	0.9547	-57.021
2324	2403	4	0.9458	-43.006
2324	2405	4	0.9777	14.016
1743	2350	4	0.9378	-14.016
1743	2387	4	0.9014	-44.026
1732	2347	4	0.9018	111.032
2310	2347	4	1.0	0.011
2320	2347	4	0.9063	-14.016
1945	2209	4	0.9374	50.015
1944	2055	4	0.9651	-17.956
1945	2055	4	0.9693	16.028
2055	2063	4	0.974	31.972
2055	2235	4	0.9694	-32.023
2055	2362	4	0.9672	1.998
2055	2397	4	0.967	2.982
2055	2403	4	0.9577	16.997
2055	2405	4	0.9548	74.019
1401	2387	4	0.941	-45.021
2320	2387	4	0.9533	27.995
2350	2387	4	0.9336	-30.010
1841	2278	4	0.9126	-3.995
2278	2393	4	0.9316	27.995
1944	1945	4	0.9592	-33.984
1944	2063	4	0.9893	14.015
1944	2235	4	0.9604	-49.979
1944	2362	4	0.9491	-15.959
1944	2397	4	0.9629	-14.975
1944	2405	4	0.9419	56.063
1732	2310	4	0.9018	111.021
2310	2320	4	0.9063	14.026
1841	2320	4	0.9128	111.032
2320	2350	4	0.9048	58.006
2292	2394	4	0.9266	-15.995
1945	2063	4	0.9705	48.000
2063	2235	4	0.9684	-63.995
2063	2362	4	0.9522	-29.974
2063	2397	4	0.9603	-28.990
2063	2405	4	0.9621	42.047
1945	2235	4	0.9632	-15.995
2235	2362	4	0.9515	34.020
2235	2397	4	0.9546	35.005
2235	2403	4	0.9535	49.020
2235	2405	4	0.9414	106.042
1945	2397	4	0.9571	19.010
2362	2397	4	0.9676	0.984
2397	2403	4	0.9578	14.016
1578	1744	4	0.9015	14.016
1744	2350	4	0.9044	111.032
1841	2393	4	0.9403	24.000
1732	1841	4	0.9077	14.016
2259	2292	4	0.9298	14.016
1401	2350	4	0.9686	-15.011
1945	2403	4	0.9476	33.025
2362	2403	4	0.9514	15.000
2403	2405	4	0.9387	57.021
2362	2405	4	0.9463	72.021
1945	2362	4	0.9491	18.025
626	1016	5	0.911	42.047
663	1016	5	0.9086	42.047
703	1016	5	0.8968	42.047
769	1016	5	0.8778	76.031
1016	1136	5	0.9453	14.016
1016	1626	5	0.8564	-42.047
1016	2125	5	0.9674	-0.000
626	769	5	0.9416	-33.984
663	769	5	0.9497	-33.984
703	769	5	0.9553	-33.984
769	770	5	0.9177	50.016
769	860	5	0.9235	50.015
769	1626	5	0.9463	33.984
769	2035	5	0.9263	50.015
769	2125	5	0.8716	76.031
626	703	5	0.9774	-0.000
663	703	5	0.9898	-0.000
703	770	5	0.9395	16.032
703	860	5	0.9446	16.031
703	1136	5	0.8124	56.063
703	1626	5	0.9754	-0.000
703	2035	5	0.936	16.031
703	2125	5	0.9303	42.047
1626	2035	5	0.9258	16.031
1626	2125	5	0.8978	42.047
626	1626	5	0.9508	-0.000
663	1626	5	0.9649	-0.000
770	1626	5	0.9225	-16.032
860	1626	5	0.9313	-16.032
626	2125	5	0.929	42.047
663	2125	5	0.936	42.047
1136	2125	5	0.9456	-14.016
626	1136	5	0.8385	56.063
663	1136	5	0.819	56.063
766	771	5	0.9973	0.001
770	771	5	0.9704	0.886
771	773	5	0.9875	0.006
771	860	5	0.9863	-0.886
771	2035	5	0.9895	-0.886
766	773	5	0.985	0.007
770	773	5	0.9816	0.892
773	860	5	0.9765	-0.892
773	2035	5	0.9832	-0.892
626	663	5	0.9798	-0.000
663	770	5	0.93	16.032
663	860	5	0.9409	16.031
663	2035	5	0.9254	16.031
626	860	5	0.9267	16.031
766	860	5	0.9834	-0.885
770	860	5	0.9762	-0.000
860	2035	5	0.973	-0.000
626	770	5	0.9198	16.031
626	2035	5	0.916	16.031
766	2035	5	0.9903	-0.885
770	2035	5	0.9682	-0.000
766	770	5	0.9708	-0.885
410	429	6	0.9189	16.031
429	449	6	0.9055	-113.084
429	450	6	0.9623	-33.985
429	553	6	0.9375	97.053
429	575	6	0.9413	-244.070
429	649	6	0.9143	-66.011
429	667	6	0.9192	40.031
429	760	6	0.9107	56.063
609	733	6	0.9369	2.016
631	733	6	0.9369	2.016
449	548	6	0.9053	113.084
449	553	6	0.9116	210.137
410	667	6	0.9031	56.062
450	667	6	0.9139	74.016
575	667	6	0.9029	284.101
667	704	6	0.9097	-92.026
667	778	6	0.938	-33.984
667	981	6	0.9151	-115.027
667	991	6	0.9388	-49.979
410	575	6	0.9045	-228.039
450	575	6	0.9025	-210.086
410	649	6	0.9273	-49.980
649	704	6	0.9753	14.015
450	515	6	0.9124	97.053
450	553	6	0.9013	131.037
450	760	6	0.9108	90.047
484	548	6	0.9345	16.031
522	548	6	0.919	50.015
530	548	6	0.96	0.000
704	981	6	0.9034	-23.001
79	632	6	0.901	70.007
836	973	6	0.9391	-30.011
973	986	6	0.9667	0.000
515	631	6	0.918	48.000
609	631	6	0.992	0.000
631	836	6	0.9047	-57.021
515	553	6	0.9307	33.984
515	609	6	0.9103	48.000
515	632	6	0.9219	16.029
778	991	6	0.9475	-15.995
484	530	6	0.9178	16.031
484	522	6	0.9188	-33.985
836	986	6	0.939	-30.011
410	553	6	0.9087	113.084
778	949	6	0.9512	-58.006
553	632	6	0.9101	-17.955
1577	1632	8	0.9131	113.084
1577	1784	8	0.9191	113.084
1577	1816	8	0.9341	42.047
1577	1900	8	0.9391	26.052
1784	1900	8	0.901	-87.032
1816	1900	8	0.9455	-15.995
1632	1784	8	0.9612	0.000
1784	1816	8	0.9021	-71.037
133	158	10	0.9536	14.016
158	185	10	0.794	14.016
122	123	10	0.9462	0.074
123	133	10	0.8468	13.941
133	156	10	0.775	-25.977
122	133	10	0.8598	14.015
96	133	10	0.7303	-3.959
1988	2090	11	0.8791	14.015
1426	1436	13	0.8237	71.037
1426	1724	13	0.8437	12.036
1377	1513	14	0.9734	-30.952
1409	1513	14	0.9889	-57.022
1462	1513	14	0.9775	-57.022
1513	1912	14	0.9683	40.973
1409	2444	14	0.9216	-9.055
2101	2444	14	0.9528	0.000
2297	2444	14	0.9862	0.000
2416	2444	14	0.9994	-0.000
501	570	14	0.9596	50.015
516	570	14	0.9805	-14.016
570	582	14	0.9836	14.016
570	671	14	0.9794	0.000
570	917	14	0.9797	0.000
570	1194	14	0.9784	42.047
570	1414	14	0.9738	-15.958
570	1459	14	0.9742	-1.943
570	1547	14	0.9685	26.052
570	1681	14	0.9561	-0.959
2222	2323	14	0.9712	-54.011
501	917	14	0.9585	50.015
516	917	14	0.9822	-14.016
582	917	14	0.9722	-14.016
665	917	14	0.9621	33.984
671	917	14	0.9805	0.000
917	1194	14	0.9735	42.047
917	1459	14	0.9685	-1.943
917	1547	14	0.9725	26.052
1599	2146	14	0.9417	46.021
1634	2146	14	0.9294	12.036
1848	2146	14	0.9282	-1.979
2137	2146	14	0.951	-30.010
2146	2234	14	0.9314	-27.995
2146	2280	14	0.9489	-13.979
2146	2302	14	0.9684	14.016
2146	2345	14	0.9454	14.016
1599	2345	14	0.9404	60.036
1634	2345	14	0.9338	26.052
1848	2345	14	0.9288	12.036
2137	2345	14	0.9434	-15.995
2234	2345	14	0.9482	42.011
2251	2345	14	0.9218	10.021
2280	2345	14	0.9464	27.995
2302	2345	14	0.9568	-0.000
531	598	14	0.9745	14.088
577	598	14	0.9811	34.057
598	613	14	0.991	-0.073
598	721	14	0.9741	13.943
598	897	14	0.9694	27.958
598	1117	14	0.9762	-2.052
598	1149	14	0.976	41.974
598	1247	14	0.9524	11.964
598	1369	14	0.9688	1.979
598	1790	14	0.9563	73.964
1247	1482	14	0.9486	14.016
1399	1482	14	0.9645	27.995
1482	1547	14	0.955	2.016
1482	2302	14	0.9233	-37.991
721	1482	14	0.9628	12.036
1114	1924	14	0.9762	0.000
1196	1924	14	0.9869	0.000
890	893	14	0.9456	4.959
893	899	14	0.9586	536.296
893	909	14	0.9706	92.091
893	924	14	0.9616	1.979
531	1240	14	0.9591	-15.959
599	1240	14	0.9558	18.026
897	1240	14	0.9249	-58.005
1061	1240	14	0.9483	-27.995
1117	1240	14	0.9599	-27.995
1191	1240	14	0.9715	33.984
1209	1240	14	0.9462	0.000
1960	2020	14	0.9673	27.995
1196	1960	14	0.9277	24.000
1377	1414	14	0.976	-72.021
1377	1642	14	0.9482	-57.022
1377	1912	14	0.9839	10.021
582	1377	14	0.9805	42.047
671	1377	14	0.9744	56.063
1034	1377	14	0.961	14.016
1194	1377	14	0.9927	14.016
599	696	14	0.9413	14.015
1711	1912	14	0.9455	14.016
2036	2314	14	0.9478	-0.000
2251	2314	14	0.9733	0.000
2304	2314	14	0.9666	0.000
2314	2410	14	0.9666	0.000
531	613	14	0.9713	14.016
577	613	14	0.984	33.984
599	613	14	0.956	48.000
613	721	14	0.9703	14.016
613	897	14	0.9591	28.031
613	1117	14	0.9679	-1.979
613	1149	14	0.9716	42.047
613	1369	14	0.9681	2.052
613	1790	14	0.9489	74.037
1247	1547	14	0.9785	16.031
1061	1247	14	0.9656	14.016
1117	1247	14	0.9516	14.016
2036	2410	14	0.9587	0.000
2251	2410	14	0.9706	0.000
2304	2410	14	0.9775	0.000
1787	1790	14	0.9296	27.995
897	1790	14	0.9868	46.006
1061	1209	14	0.9529	-27.995
1191	1209	14	0.9653	33.984
2036	2251	14	0.9718	-0.000
2036	2304	14	0.9666	-0.000
1409	1462	14	0.9859	0.000
1462	2101	14	0.9443	-9.055
1462	2297	14	0.9436	-9.055
1462	2416	14	0.9215	-9.055
187	1462	14	0.9386	8.059
466	1459	14	0.9337	-15.959
1637	2323	14	0.9261	-53.063
2062	2323	14	0.9489	28.031
1034	2323	14	0.9409	-14.016
1599	2302	14	0.956	60.036
1634	2302	14	0.9448	26.052
1848	2302	14	0.9477	12.036
2137	2302	14	0.9639	-15.995
2234	2302	14	0.9529	42.011
2280	2302	14	0.9579	27.995
1111	1547	14	0.9385	76.031
187	1150	14	0.9511	-48.000
187	1409	14	0.9344	8.059
187	2101	14	0.935	-0.995
187	2297	14	0.9263	-0.995
501	577	14	0.9884	14.015
516	577	14	0.9603	-50.016
563	577	14	0.9581	48.000
577	582	14	0.9643	50.016
577	721	14	0.9546	48.000
577	906	14	0.9319	-15.995
577	1191	14	0.9502	-29.974
1711	2020	14	0.9293	-15.995
890	899	14	0.9244	541.255
890	909	14	0.9389	97.050
890	924	14	0.9365	6.937
1598	1599	14	0.9311	-34.032
1599	1634	14	0.9603	33.984
1599	1848	14	0.9661	48.000
1599	2137	14	0.9726	76.031
1599	2234	14	0.9436	18.026
1599	2269	14	0.9376	90.047
1599	2280	14	0.9435	32.041
1598	1848	14	0.9384	13.969
1634	1848	14	0.9688	14.016
1848	2137	14	0.9661	28.031
1848	2234	14	0.9344	-29.974
1848	2269	14	0.9368	42.047
1848	2280	14	0.9341	-15.959
1635	1637	14	0.9304	-18.010
1637	2179	14	0.9334	17.963
416	1637	14	0.943	-18.011
899	909	14	0.9436	-444.205
899	924	14	0.9356	-534.317
899	1034	14	0.9366	48.057
516	1034	14	0.9578	28.031
582	1034	14	0.9533	28.031
671	1034	14	0.9552	42.047
1034	1194	14	0.9765	0.000
2137	2312	14	0.9443	-43.006
2280	2312	14	0.9451	0.984
909	924	14	0.9459	-90.112
1414	1681	14	0.9779	14.999
1459	1681	14	0.9517	0.984
1547	1681	14	0.961	-27.011
1642	1681	14	0.9854	0.000
516	1681	14	0.9536	-14.975
582	1681	14	0.951	-14.975
679	1681	14	0.9502	-14.974
501	1191	14	0.9417	-15.959
563	1191	14	0.954	18.026
665	679	14	0.9308	48.000
1598	1634	14	0.9434	-0.047
1634	2137	14	0.9651	42.047
1634	2234	14	0.9295	-15.959
1634	2269	14	0.9452	56.063
1634	2280	14	0.9234	-1.943
1114	1196	14	0.9755	-0.000
798	906	14	0.9613	14.015
906	1456	14	0.9327	42.047
2137	2234	14	0.9464	-58.005
2234	2280	14	0.9462	14.016
1399	1459	14	0.9331	2.015
721	1399	14	0.9455	-15.958
501	531	14	0.9619	33.984
531	599	14	0.9557	-33.984
531	798	14	0.9309	-49.979
2137	2269	14	0.9449	14.016
2137	2280	14	0.956	-43.990
416	1409	14	0.9733	-16.972
416	1635	14	0.999	-0.000
416	2101	14	0.9303	-26.027
1414	1459	14	0.9768	14.016
1414	1547	14	0.9809	42.011
516	1414	14	0.9754	-29.974
582	1414	14	0.9753	-29.974
671	1414	14	0.9737	-15.958
679	1414	14	0.9728	-29.974
1194	1414	14	0.9789	-58.005
1408	2179	14	0.9989	-1.032
2101	2179	14	0.9362	25.979
2179	2297	14	0.938	-25.979
501	671	14	0.958	50.015
516	671	14	0.9862	-14.016
582	671	14	0.9856	-14.016
671	1459	14	0.9727	-1.943
671	1547	14	0.9679	26.052
1408	2297	14	0.9478	-27.011
2354	2375	14	0.9886	0.000
897	1061	14	0.9261	-30.010
1061	1117	14	0.958	-0.000
1547	1642	14	0.9611	-27.011
516	1547	14	0.9752	12.036
501	563	14	0.9392	-33.984
501	879	14	0.9211	113.084
1409	1635	14	0.97	16.972
1635	2101	14	0.9306	-26.027
516	582	14	0.9824	-0.000
582	1459	14	0.9765	-15.958
1409	2416	14	0.9234	-9.055
2101	2416	14	0.9545	0.000
2297	2416	14	0.9871	0.000
897	1117	14	0.9749	-30.010
1117	1149	14	0.961	44.026
2251	2304	14	0.9773	0.000
2101	2354	14	0.9232	-0.984
2297	2354	14	0.9305	-0.984
516	1459	14	0.9774	-15.959
1409	2101	14	0.9489	-9.055
1409	2297	14	0.9471	-9.055
563	599	14	0.9253	33.984
897	1787	14	0.9481	18.011
2101	2297	14	0.9861	0.000
897	1149	14	0.9862	14.016
897	1194	14	0.9672	16.031
1459	1642	14	0.9511	0.984
1194	1642	14	0.9508	-43.006
679	721	14	0.9227	-2.015
378	436	16	0.7002	-37.943
1574	1584	16	0.873	17.999
1582	1584	16	0.9061	18.011
436	1584	16	0.7826	-18.011
1574	1582	16	0.9795	-0.012
436	1574	16	0.7265	-36.010
436	1582	16	0.7624	-36.021
1389	1391	17	0.7459	-30.011
2193	2275	19	0.9979	-0.000
2275	2338	19	0.9942	0.000
2275	2452	19	0.9984	0.000
2274	2471	19	0.9915	0.000
2338	2471	19	0.9594	14.016
2436	2471	19	0.9583	14.016
2440	2471	19	0.983	0.000
2451	2471	19	0.9875	0.000
2193	2338	19	0.9947	0.000
2338	2436	19	0.9954	0.000
2338	2440	19	0.9399	14.016
2338	2451	19	0.9573	14.016
2338	2452	19	0.9926	0.000
2274	2440	19	0.9687	0.000
2436	2440	19	0.9365	14.016
2440	2451	19	0.982	0.000
2193	2452	19	0.9966	0.000
2436	2452	19	0.9885	0.000
2274	2436	19	0.9454	-14.016
338	389	20	0.9079	117.080
338	394	20	0.89	99.069
338	403	20	0.8691	0.091
338	435	20	0.9452	28.031
387	415	20	0.936	97.053
395	415	20	0.8991	57.988
340	341	20	0.9705	-138.133
340	395	20	0.8651	99.069
340	403	20	0.8774	357.227
387	395	20	0.9291	39.065
387	397	20	0.8851	258.158
388	389	20	0.9317	-27.995
388	394	20	0.8729	-46.006
393	396	20	0.9497	1.002
394	396	20	0.9126	-1.002
389	394	20	0.9019	-18.011
389	435	20	0.8906	-89.049
395	397	20	0.8817	219.093
395	403	20	0.8658	258.158
394	435	20	0.8696	-71.038
86	87	21	0.9412	-33.984
86	88	21	0.941	-19.969
86	94	21	0.9378	14.016
86	174	21	0.9058	42.047
87	94	21	0.9267	48.000
88	94	21	0.9184	33.984
87	88	21	0.9436	14.016
87	130	21	0.9016	62.016
130	174	21	0.8923	14.015
968	982	22	0.9635	-0.000
2022	2098	23	0.792	-129.043
2098	2153	23	0.8663	-129.042
2022	2153	23	0.727	-258.085
30	42	24	0.7379	-17.007
38	42	24	0.7686	-18.010
39	42	24	0.7237	-35.037
42	51	24	0.7226	35.018
42	65	24	0.7358	-2.016
10	12	24	0.7058	29.034
10	36	24	0.7427	1.003
10	38	24	0.7358	3.019
10	65	24	0.7142	-17.007
27	51	24	0.7177	-16.014
30	51	24	0.7019	18.010
34	51	24	0.761	-1.003
37	51	24	0.765	-44.046
38	51	24	0.8729	17.007
39	51	24	0.9793	-0.019
45	51	24	0.7735	15.995
51	52	24	0.7016	-14.992
12	36	24	0.8535	-28.031
36	38	24	0.7145	2.015
36	52	24	0.8633	4.031
36	65	24	0.7852	-18.011
36	71	24	0.7339	-9.948
28	65	24	0.7066	-36.021
22	34	24	0.7408	3.019
31	34	24	0.7391	-12.000
34	37	24	0.7233	43.042
34	39	24	0.7591	-0.984
34	43	24	0.8143	26.016
34	52	24	0.7713	-15.995
34	57	24	0.7823	2.016
34	63	24	0.7974	-31.990
34	71	24	0.7313	-29.974
27	45	24	0.7211	-32.009
31	45	24	0.712	-28.998
37	45	24	0.728	-60.041
39	45	24	0.7678	-16.014
45	52	24	0.8589	1.003
52	71	24	0.7156	-13.979
63	71	24	0.7463	2.016
27	37	24	0.9255	28.031
28	37	24	0.7149	45.058
29	37	24	0.766	10.021
31	37	24	0.7415	31.042
37	39	24	0.7593	-44.026
37	43	24	0.7713	-17.027
12	28	24	0.7797	-10.021
12	52	24	0.711	-24.000
52	63	24	0.7469	-15.995
30	38	24	0.8264	1.003
38	39	24	0.8777	17.026
38	40	24	0.8378	28.031
23	28	24	0.7169	-26.016
23	31	24	0.7187	-12.000
23	32	24	0.7063	0.073
23	43	24	0.7144	2.016
28	57	24	0.722	4.031
29	57	24	0.7313	-31.006
31	57	24	0.7803	-9.985
43	57	24	0.782	-24.000
52	57	24	0.7546	18.010
30	39	24	0.7176	18.030
30	40	24	0.7016	29.035
22	28	24	0.8368	1.003
22	31	24	0.8327	15.019
22	43	24	0.8525	29.035
27	28	24	0.8006	-17.027
27	29	24	0.8234	18.011
27	31	24	0.717	-3.011
27	39	24	0.7282	-15.995
27	43	24	0.7251	11.005
31	40	24	0.7203	-1.979
40	43	24	0.7179	15.995
28	31	24	0.8922	14.016
31	43	24	0.8507	14.016
28	43	24	0.8792	28.031
857	903	25	0.7725	0.000
802	1189	27	0.9289	111.031
1189	1439	27	0.8344	99.069
1448	1506	28	0.9425	0.000
1487	1506	28	0.7726	0.984
1448	1487	28	0.768	-0.984
1392	1517	29	0.8935	-129.043
855	1517	29	0.8816	-18.011
586	1317	29	0.8932	0.984
1154	1317	29	0.8902	99.068
442	1162	29	0.868	10.057
480	1162	29	0.8673	9.984
1162	1229	29	0.9479	-27.995
1162	1530	29	0.9304	14.052
1162	1583	29	0.895	26.052
1162	1630	29	0.8959	28.067
1162	1680	29	0.9281	26.052
1199	1413	29	0.8701	91.027
1199	1530	29	0.8998	111.032
1199	1761	29	0.9039	-18.011
1199	1830	29	0.8712	139.064
1413	1624	29	0.8993	-115.028
481	1624	29	0.917	-45.022
1775	1858	29	0.9259	0.000
1556	1647	29	0.8801	-115.028
842	855	29	0.9322	0.073
1413	1830	29	0.9084	48.037
1530	1830	29	0.9331	28.031
1630	1830	29	0.9245	14.016
1830	1896	29	0.873	-101.048
1413	1530	29	0.8928	20.005
481	1413	29	0.9362	70.005
1154	1392	29	0.8673	83.073
1630	1831	29	0.8769	-158.069
1738	1831	29	0.8856	0.000
442	1229	29	0.8725	-17.937
480	1229	29	0.8657	-18.010
586	1229	29	0.9111	27.995
1229	1583	29	0.8737	54.047
1229	1630	29	0.9307	56.062
1229	1680	29	0.897	54.046
1647	1858	29	0.8964	-129.042
1761	1858	29	0.8772	-129.043
1583	1630	29	0.8834	2.016
1583	1680	29	0.8958	-0.000
442	480	29	0.9818	0.073
1630	1680	29	0.9272	-2.016
2056	2059	30	0.8865	-0.450
1964	1997	32	0.9573	14.016
1876	1997	32	0.959	14.016
823	1747	34	0.7969	-17.027
823	1649	34	0.7712	70.004
823	1522	34	0.7689	199.048
2168	2217	36	0.9357	-0.000
2168	2227	36	0.9414	14.016
2168	2231	36	0.9082	-30.010
2168	2291	36	0.9307	-15.994
2168	2313	36	0.8906	-43.005
2217	2291	36	0.9249	-15.994
2227	2291	36	0.9445	-30.010
2231	2291	36	0.9518	14.016
2291	2313	36	0.8721	-27.011
2047	2200	36	0.94	0.000
2131	2200	36	0.9642	0.000
2047	2227	36	0.8768	-57.021
2217	2227	36	0.9423	14.016
2227	2231	36	0.9148	-44.026
2227	2313	36	0.8755	-57.021
2047	2131	36	0.932	0.000
2217	2313	36	0.8779	-43.005
2231	2313	36	0.8612	-12.995
2217	2231	36	0.8992	-30.010
1664	1882	37	0.9454	-15.995
1882	1940	37	0.9704	0.000
818	844	37	0.9792	-0.000
844	1494	37	0.8894	-18.011
844	1664	37	0.8963	82.042
1970	2072	37	0.8822	14.015
1970	2080	37	0.9021	-13.980
1664	1940	37	0.9272	-15.995
1664	2080	37	0.8826	-101.996
818	1664	37	0.8967	82.042
818	1494	37	0.8826	-18.011
1773	1954	39	0.9329	14.016
790	1954	39	0.9287	14.016
1203	1954	39	0.9677	0.000
1128	1203	39	0.944	-0.000
1773	1845	39	0.937	24.000
790	1845	39	0.925	24.000
790	1203	39	0.9318	14.016
1203	1773	39	0.9411	-14.016
790	1773	39	0.9603	0.000
1320	1333	40	0.9038	115.918
1321	1333	40	0.915	117.914
1324	1333	40	0.9162	113.921
1325	1333	40	0.8994	119.911
1326	1333	40	0.9681	-57.959
1327	1333	40	0.9211	-55.961
1329	1333	40	0.8735	59.956
1330	1333	40	0.8973	57.959
1332	1333	40	0.9177	-1.997
1333	1335	40	0.9222	-1.997
1321	1337	40	0.7626	-339.838
1323	1337	40	0.7929	-281.880
1337	1338	40	0.7711	4.955
1337	1339	40	0.7698	11.907
1337	1340	40	0.784	9.910
1319	1332	40	0.9422	-105.888
1320	1332	40	0.8545	117.915
1324	1332	40	0.9449	115.918
1326	1332	40	0.9181	-55.962
1328	1332	40	0.9794	-57.959
1330	1332	40	0.8478	59.956
1339	1343	40	0.7709	7.914
1340	1343	40	0.7772	9.911
1341	1343	40	0.7545	2.958
1342	1343	40	0.767	4.955
1320	1335	40	0.8575	113.921
1321	1335	40	0.9062	115.917
1323	1335	40	0.8416	173.876
1325	1335	40	0.9402	117.914
1326	1335	40	0.9507	-59.956
1327	1335	40	0.9443	-57.959
1329	1335	40	0.8793	57.959
1330	1335	40	0.847	55.962
1335	1336	40	0.8909	117.914
1314	1316	40	0.9828	1.997
1316	1319	40	0.9454	10.029
1339	1340	40	0.9044	-1.997
1339	1341	40	0.7858	4.955
1339	1342	40	0.7636	2.958
1340	1341	40	0.7814	6.952
1340	1342	40	0.787	4.955
1320	1325	40	0.9119	-3.994
1321	1325	40	0.9331	-1.997
1323	1325	40	0.8703	55.962
1325	1327	40	0.8827	175.873
1325	1329	40	0.9281	59.956
1325	1330	40	0.9035	61.953
1325	1336	40	0.7786	235.829
1320	1321	40	0.9196	-1.997
1321	1323	40	0.9252	-57.959
1321	1326	40	0.8699	175.873
1321	1327	40	0.8504	173.876
1321	1329	40	0.9402	57.959
1321	1330	40	0.913	59.956
1320	1323	40	0.8904	-59.956
1320	1324	40	0.8724	1.997
1320	1326	40	0.8516	173.876
1320	1329	40	0.9041	55.962
1320	1330	40	0.9138	57.959
1341	1344	40	0.7427	7.914
1312	1346	40	0.7952	0.000
1322	1346	40	0.8629	0.446
1319	1328	40	0.961	-47.930
1324	1328	40	0.895	173.876
1326	1328	40	0.8885	1.997
1314	1318	40	0.9216	10.029
1318	1319	40	0.7677	1.997
1341	1342	40	0.8997	-1.997
1323	1330	40	0.9189	117.914
1324	1330	40	0.8761	55.962
1326	1330	40	0.8832	-115.917
1329	1330	40	0.8716	1.997
1319	1336	40	0.8942	8.032
1322	1324	40	0.7629	59.956
1322	1329	40	0.7666	113.920
1326	1336	40	0.9344	57.959
1323	1329	40	0.9525	115.917
1326	1329	40	0.8733	-117.914
1327	1329	40	0.8799	-115.917
1324	1326	40	0.9125	171.879
1323	1338	40	0.7801	-276.924
1565	1638	41	0.8232	-101.048
1223	1638	41	0.7116	113.084
1625	1810	42	0.9089	26.016
1810	1950	42	0.9551	-15.995
1625	1950	42	0.9374	10.021
1625	1824	42	0.8743	0.081
533	567	43	0.8647	-97.053
542	567	43	0.8693	-97.053
567	595	43	0.8707	-262.131
567	611	43	0.8703	97.053
567	659	43	0.8782	-163.063
567	729	43	0.8628	-57.021
537	657	43	0.9136	28.032
596	657	43	0.8972	26.016
657	729	43	0.9274	14.015
657	763	43	0.9424	-30.011
657	841	43	0.9431	-15.995
533	542	43	0.9721	0.000
542	611	43	0.9433	-0.000
799	963	43	0.8624	-163.064
886	963	43	0.9481	-0.000
889	963	43	0.8647	-163.064
925	963	43	0.9452	-0.000
799	886	43	0.8786	-163.063
886	889	43	0.8789	163.063
886	925	43	0.9557	-0.000
886	959	43	0.8683	163.063
537	763	43	0.9193	-1.979
596	763	43	0.933	-3.995
729	763	43	0.9134	-44.026
763	799	43	0.8617	-110.048
763	841	43	0.9483	14.015
763	959	43	0.8629	-110.048
596	799	43	0.9184	-114.043
799	820	43	0.8774	97.052
799	849	43	0.8748	97.052
799	889	43	0.9785	-0.000
799	925	43	0.8981	-163.064
799	959	43	0.9724	-0.000
533	611	43	0.941	-0.000
889	925	43	0.8879	-163.063
925	959	43	0.8859	163.063
596	889	43	0.9206	-114.043
889	959	43	0.9668	0.000
537	729	43	0.8813	42.047
596	729	43	0.8836	40.031
729	841	43	0.9216	-30.010
596	959	43	0.9223	-114.043
820	959	43	0.8691	-97.053
849	959	43	0.8663	-97.053
820	849	43	0.9748	0.000
537	596	43	0.8959	2.016
596	841	43	0.9216	10.020
537	841	43	0.9245	12.036
856	1357	44	0.9142	81.022
2187	2233	45	0.765	-0.000
1936	2187	45	0.812	-63.999
2186	2187	45	0.8096	-63.998
1936	2058	45	0.7533	-45.988
2058	2186	45	0.7529	45.988
1936	2186	45	0.99	-0.000
1817	2415	46	0.7577	-146.106
1785	2009	47	0.9072	28.031
2009	2037	47	0.9275	-30.011
2009	2061	47	0.9102	-58.006
2009	2082	47	0.9124	-43.990
2082	2093	47	0.9057	-0.011
2037	2061	47	0.9147	-27.995
1785	2061	47	0.9101	-29.975
637	640	48	0.8427	-129.025
639	640	48	0.9482	-31.972
637	639	48	0.86	-97.053
161	713	49	0.9586	26.015
457	845	49	0.9061	148.053
845	1202	49	0.9374	168.054
845	1207	49	0.9112	85.017
845	1232	49	0.9502	97.017
845	1241	49	0.9413	111.032
845	1265	49	0.9148	21.021
845	1352	49	0.9399	81.022
845	1575	49	0.9266	-65.048
845	1595	49	0.9284	-34.006
1032	1100	49	0.9621	0.000
1100	1202	49	0.9183	196.122
1100	1230	49	0.9026	-49.979
457	1207	49	0.912	233.069
1032	1207	49	0.9073	113.085
1202	1207	49	0.935	-83.037
1207	1232	49	0.9472	12.000
1207	1241	49	0.9573	26.016
1207	1265	49	0.9502	-63.995
1207	1352	49	0.9487	-3.995
1207	1407	49	0.9196	97.053
1207	1575	49	0.9134	-150.064
1241	1407	49	0.9114	71.037
1265	1407	49	0.9172	161.048
1352	1407	49	0.9202	101.048
1387	1407	49	0.9312	-14.183
1403	1407	49	0.9305	-14.016
1407	1437	49	0.9223	2.016
1202	1407	49	0.9791	14.016
1241	1352	49	0.9746	-30.011
1265	1352	49	0.9475	60.000
1352	1575	49	0.929	-146.070
457	1352	49	0.9142	229.074
1202	1352	49	0.9185	-87.032
1232	1352	49	0.9676	-15.995
1202	1437	49	0.9357	16.031
207	519	49	0.9075	111.032
519	1098	49	0.9396	-14.974
1098	1471	49	0.9527	-15.959
73	74	49	0.9466	147.069
74	866	49	0.9019	98.037
713	716	49	0.9085	-410.253
1032	1230	49	0.9084	-49.979
1241	1265	49	0.9488	-90.011
1241	1575	49	0.9484	-176.080
1241	1595	49	0.9038	-145.038
457	1241	49	0.924	259.085
1202	1241	49	0.9231	-57.022
1232	1241	49	0.981	14.016
457	1232	49	0.9207	245.069
1202	1232	49	0.9317	-71.037
1232	1265	49	0.9415	-75.995
1232	1575	49	0.9329	-162.064
1232	1595	49	0.9179	-131.022
1232	2147	49	0.9332	-43.042
1032	1202	49	0.9242	196.122
165	424	49	0.9224	27.995
374	424	49	0.9016	408.201
424	617	49	0.9311	-0.001
165	617	49	0.9538	27.995
602	617	49	0.9014	99.069
617	713	49	0.9094	147.069
708	866	49	0.9257	147.069
866	1387	49	0.9306	-16.823
866	1403	49	0.9322	-16.990
207	213	49	0.9061	99.069
213	267	49	0.9591	-0.000
1947	2147	49	0.9331	48.000
430	584	49	0.9664	16.978
430	1098	49	0.9178	128.011
584	1098	49	0.9363	111.033
584	1266	49	0.9078	-18.010
584	1387	49	0.9193	224.285
584	1403	49	0.9273	224.117
457	1265	49	0.9337	169.074
457	1575	49	0.9063	83.005
1387	1403	49	0.9685	-0.168
73	165	49	0.9022	-29.027
1098	1266	49	0.9061	-129.043
1098	1716	49	0.9194	-102.991
1202	1265	49	0.9064	-147.033
374	401	49	0.9299	147.069
1595	1716	49	0.904	14.016
1265	1575	49	0.9086	-86.069
602	661	49	0.9025	147.069
661	713	49	0.937	99.069
1907	2216	50	0.9155	12.036
1907	2257	50	0.9353	26.051
1907	2284	50	0.9432	26.051
2216	2257	50	0.9324	14.015
2216	2284	50	0.927	14.015
2257	2284	50	0.9685	0.000
1544	1827	51	0.7296	111.032
1474	1770	52	0.9257	-2.052
1770	2140	52	0.9013	12.036
1770	2249	52	0.9219	26.052
2140	2249	52	0.9331	14.016
1789	2028	52	0.9222	-0.000
1934	2145	52	0.9502	-0.000
1789	2145	52	0.9136	26.015
2145	2194	52	0.9086	14.016
1474	2194	52	0.9083	54.010
279	308	53	0.9973	0.000
308	490	53	0.8985	-28.031
279	490	53	0.9128	-28.031
2372	2438	54	0.8617	-640.815
2407	2438	54	0.8703	-0.000
2372	2407	54	0.9171	-640.815
2372	2426	54	0.703	-7.997
2391	2426	54	0.7054	-73.517
2411	2426	54	0.7359	-73.517
2422	2426	54	0.9572	0.000
2411	2422	54	0.7213	-73.517
2391	2411	54	0.944	0.000
2378	2391	54	0.705	575.294
2421	2455	55	0.7527	-15.995
2424	2455	55	0.7268	-15.995
2421	2424	55	0.96	0.000
175	1000	56	0.823	49.979
931	1000	56	0.8872	113.084
958	1000	56	0.8828	113.084
1000	1051	56	0.856	-1.003
1000	1052	56	0.9721	-0.000
1000	1107	56	0.9755	0.000
1000	1126	56	0.9617	0.082
1000	1135	56	0.8036	-113.084
1000	1144	56	0.9631	0.000
1000	1451	56	0.9613	-0.000
775	1126	56	0.8077	12.035
775	1144	56	0.7938	11.954
110	175	56	0.9498	0.000
175	1144	56	0.8309	49.979
931	1144	56	0.8974	113.084
958	1144	56	0.8854	113.084
1051	1144	56	0.8327	1.003
1052	1144	56	0.9594	0.000
1107	1144	56	0.9682	0.000
1126	1144	56	0.9661	-0.081
1144	1451	56	0.9416	-0.000
931	958	56	0.9702	-0.000
931	1052	56	0.8884	113.084
931	1107	56	0.8991	113.084
931	1126	56	0.881	113.166
931	1451	56	0.8802	113.084
175	1107	56	0.8257	49.979
805	1107	56	0.8015	111.032
958	1107	56	0.8928	113.084
1051	1107	56	0.8648	1.003
1052	1107	56	0.9769	0.000
1107	1126	56	0.9603	0.082
1107	1451	56	0.9641	-0.000
1051	1052	56	0.8562	1.003
1051	1126	56	0.819	1.084
1051	1135	56	0.7703	-112.081
1051	1451	56	0.8606	1.003
175	1451	56	0.8263	49.979
958	1451	56	0.8768	113.084
1052	1451	56	0.9613	-0.000
1126	1451	56	0.9545	-0.082
1135	1451	56	0.8151	113.084
636	1135	56	0.8285	-85.089
805	1135	56	0.8625	-2.052
636	805	56	0.8861	-83.037
805	1052	56	0.8174	111.032
958	1052	56	0.8769	113.084
958	1126	56	0.8714	113.166
175	1052	56	0.8453	49.979
175	1126	56	0.8313	50.061
1052	1126	56	0.9645	0.082
838	2241	57	0.9563	131.129
1902	2241	57	0.9393	-18.011
1974	2241	57	0.978	24.011
2197	2241	57	0.9563	-0.000
2241	2260	57	0.9641	-40.006
2241	2380	57	0.9677	-40.006
2241	2463	57	0.9302	-288.015
971	2241	57	0.9565	-79.967
1902	2197	57	0.9326	-18.011
1974	2197	57	0.9529	24.011
2197	2260	57	0.9701	-40.006
2197	2380	57	0.9463	-40.006
971	2197	57	0.9245	-79.966
306	520	57	0.9304	29.993
385	520	57	0.9524	-15.995
385	809	57	0.933	9.995
409	520	57	0.9689	11.030
409	971	57	0.952	35.041
409	1040	57	0.9547	-4.965
7	476	57	0.9437	60.934
971	1040	57	0.9537	-40.006
1040	1892	57	0.9645	-61.956
1040	2260	57	0.952	-79.967
1040	2380	57	0.9452	-79.966
520	971	57	0.9369	24.011
476	479	57	0.9457	-89.027
520	1974	57	0.9543	-79.966
476	1974	57	0.9438	14.087
1892	2380	57	0.9436	-18.010
1974	2380	57	0.9578	-15.995
2260	2380	57	0.9593	0.000
1892	1902	57	0.9371	40.006
1892	2260	57	0.953	-18.011
1974	2260	57	0.9474	-15.995
1233	1974	57	0.9213	-18.011
1867	1961	58	0.8821	-0.984
1961	2048	58	0.8953	0.984
1791	1867	58	0.8254	-27.995
382	489	59	0.8847	18.976
265	382	59	0.9437	26.016
266	382	59	0.8691	27.019
282	382	59	0.9566	26.016
333	382	59	0.927	26.016
100	265	59	0.966	-15.995
265	266	59	0.9151	-1.003
265	282	59	0.9894	0.000
265	283	59	0.9135	-1.003
265	333	59	0.9387	-0.000
100	282	59	0.9748	-15.995
100	333	59	0.9555	-15.995
266	283	59	0.991	-0.000
282	283	59	0.9216	-1.003
266	282	59	0.9242	1.003
282	333	59	0.945	-0.000
576	647	60	0.9075	-17.956
630	647	60	0.8416	-126.991
647	648	60	0.9213	31.972
576	648	60	0.9104	14.016
616	648	60	0.9314	-10.021
628	648	60	0.9733	-126.991
628	630	60	0.8689	-31.972
616	628	60	0.9446	116.970
1195	1849	61	0.8075	-128.095
2122	2434	63	0.8301	-137.059
2122	2458	63	0.8213	-137.059
2122	2475	63	0.8246	-137.059
2434	2458	63	0.9854	0.000
2443	2458	63	0.97	0.000
2450	2458	63	0.9771	0.000
2458	2475	63	0.9865	0.000
2434	2443	63	0.9693	0.000
2443	2450	63	0.972	0.000
2443	2475	63	0.9714	0.000
2434	2450	63	0.9775	0.000
2450	2475	63	0.9816	0.000
2434	2475	63	0.9848	0.000
913	1170	66	0.7751	113.085
851	913	66	0.9167	-0.000
2390	2419	68	0.8993	-0.000
2390	2425	68	0.9117	-0.000
2390	2453	68	0.8668	-0.000
2390	2457	68	0.8989	-0.000
2390	2462	68	0.8934	-0.001
2419	2425	68	0.9216	-0.000
2419	2453	68	0.8684	-0.000
2419	2457	68	0.8941	-0.000
2419	2462	68	0.8953	-0.000
2425	2462	68	0.8906	-0.000
2453	2462	68	0.8694	-0.000
2457	2462	68	0.906	-0.000
2425	2453	68	0.868	0.000
2453	2457	68	0.8598	-0.000
2425	2457	68	0.9053	-0.000
1754	1899	69	0.9042	28.032
1860	1899	69	0.9673	0.000
1899	1981	69	0.8907	-0.000
1899	2019	69	0.946	14.016
1754	1981	69	0.8977	28.032
1860	1981	69	0.8897	0.000
1981	2066	69	0.9166	14.015
1981	2069	69	0.9329	-43.990
1860	2019	69	0.9434	14.016
2019	2038	69	0.927	14.015
1754	1860	69	0.9164	28.031
2041	2069	69	0.8817	14.015
1927	1995	70	0.9517	-15.995
594	720	71	0.9027	28.032
1082	1093	72	0.8519	253.143
1077	1082	72	0.8807	-170.106
1064	1074	72	0.8867	71.074
1065	1074	72	0.9346	-12.888
1073	1074	72	0.9463	-83.961
1074	1078	72	0.9668	2.016
1074	1079	72	0.8683	-167.923
1074	1090	72	0.9596	71.074
1079	1087	72	0.8272	-12.888
1079	1088	72	0.8062	-96.849
1079	1092	72	0.8939	71.074
1083	1087	72	0.9332	167.923
1086	1087	72	0.9199	-167.923
1087	1088	72	0.8346	-83.961
1087	1092	72	0.949	83.962
1083	1088	72	0.9676	83.962
1086	1088	72	0.9026	-251.884
1088	1092	72	0.909	167.923
1072	1076	72	0.9482	-83.961
1076	1078	72	0.8106	460.280
1072	1089	72	0.8533	529.338
1064	1073	72	0.8884	155.035
1073	1085	72	0.8369	69.075
1083	1092	72	0.8995	251.884
1085	1091	72	0.9216	-83.961
1072	1082	72	0.8375	134.084
1083	1086	72	0.8762	335.846
1086	1090	72	0.9177	83.961
1086	1091	72	0.9402	81.964
1852	1952	73	0.9248	0.984
930	961	73	0.9829	0.000
930	1228	73	0.9178	0.984
930	1853	73	0.9147	18.011
930	1854	73	0.9863	-0.000
1853	1854	73	0.9172	-18.011
961	1854	73	0.9836	-0.000
1228	1854	73	0.9195	-0.984
493	1613	73	0.9901	-0.000
493	1614	73	0.9402	-18.011
493	1853	73	0.9324	-39.995
1613	1853	73	0.9373	-39.995
1853	2074	73	0.9254	-11.053
1853	2085	73	0.9346	79.953
961	1853	73	0.9084	18.010
1992	1998	73	0.9783	-0.025
1998	2074	73	0.9185	-62.975
961	1228	73	0.9138	0.984
1228	1952	73	0.9104	-18.011
2012	2085	73	0.9429	14.016
2074	2085	73	0.9228	91.006
2012	2074	73	0.9251	-76.990
1613	1614	73	0.9408	-18.011
1429	1548	74	0.9085	0.984
1313	1371	75	0.9184	-0.000
1313	1561	75	0.8301	14.016
402	1313	75	0.7951	151.063
173	1283	75	0.7613	67.078
82	101	75	0.778	-27.958
101	173	75	0.8232	70.006
101	186	75	0.8029	-27.047
101	239	75	0.8206	-27.047
101	460	75	0.7796	-43.006
460	1227	75	0.7965	-17.006
1227	1254	75	0.9544	-0.021
82	173	75	0.8627	42.047
173	186	75	0.7725	-97.053
173	239	75	0.7727	-97.053
1371	1561	75	0.8457	14.016
402	1371	75	0.7624	151.063
105	186	75	0.8858	42.047
105	239	75	0.8847	42.047
82	1561	75	0.7825	124.126
186	239	75	0.9397	-0.000
460	1254	75	0.8064	-17.027
196	635	77	0.791	-365.170
233	635	77	0.8577	-211.096
314	635	77	0.8518	-211.096
196	314	77	0.9029	-154.074
233	314	77	0.9609	0.000
139	196	77	0.7325	25.979
196	233	77	0.901	-154.074
462	488	78	0.9599	0.035
462	581	78	0.9501	-27.995
488	581	78	0.9354	-28.030
1686	1881	79	0.8234	-87.033
1686	1941	79	0.8006	-114.043
1881	1941	79	0.8792	-27.010
1847	1874	81	0.9707	-0.000
1874	2248	81	0.8569	26.052
1847	2248	81	0.8484	26.052
298	327	82	0.9924	-0.021
298	1273	82	0.9812	-0.021
327	1273	82	0.9787	-0.000
728	787	83	0.9579	14.016
787	1022	83	0.8893	42.046
728	1022	83	0.909	56.062
834	936	83	0.897	113.083
834	1012	83	0.9381	42.045
545	936	83	0.9319	111.032
350	417	83	0.8954	14.015
350	936	83	0.9207	26.015
936	1022	83	0.8891	-57.021
1799	2300	85	0.9138	-0.000
1932	2300	85	0.9518	-0.000
2148	2300	85	0.9169	0.000
2210	2300	85	0.9115	445.237
2245	2300	85	0.926	0.000
2300	2331	85	0.9476	0.000
1799	2245	85	0.8816	-0.001
1932	2245	85	0.9142	-0.000
2148	2245	85	0.8871	0.000
2210	2245	85	0.931	445.236
2245	2331	85	0.9115	0.000
1799	1932	85	0.9095	-0.000
1799	2148	85	0.9249	-0.001
1799	2331	85	0.9202	-0.000
1932	2210	85	0.9012	-445.237
2148	2210	85	0.8888	-445.236
2210	2331	85	0.901	445.237
1932	2331	85	0.9567	-0.000
2148	2331	85	0.926	0.000
1932	2148	85	0.926	-0.000
20	83	86	0.9483	56.096
62	83	86	0.9436	56.062
20	47	86	0.9286	34.018
47	62	86	0.9316	-33.984
20	62	86	0.978	0.034
20	1116	86	0.9073	97.148
1116	1488	86	0.9038	-15.995
1116	1215	86	0.9603	48.000
209	212	87	0.9471	-17.026
209	269	87	0.9385	-17.026
212	269	87	0.9565	0.000
230	242	88	0.9085	-16.990
241	242	88	0.9112	-17.026
242	270	88	0.9955	0.028
242	272	88	0.9941	0.000
242	296	88	0.9029	14.016
242	309	88	0.8822	14.016
345	370	88	0.9414	0.036
296	309	88	0.9827	0.000
309	324	88	0.8893	2.016
309	371	88	0.8943	2.016
230	270	88	0.9018	-16.962
241	270	88	0.9049	-16.998
270	272	88	0.9909	-0.028
270	296	88	0.9015	13.987
230	241	88	0.9992	0.036
241	272	88	0.9139	-17.026
296	324	88	0.897	2.016
323	324	88	0.9683	-17.027
324	371	88	0.9623	0.000
323	370	88	0.9649	0.000
370	371	88	0.9438	-17.027
370	529	88	0.9388	26.016
371	532	88	0.9086	26.016
529	532	88	0.9027	-17.027
230	272	88	0.9117	-16.990
272	296	88	0.8987	14.016
296	371	88	0.8896	2.016
323	371	88	0.9601	-17.026
323	529	88	0.9384	26.016
2330	2343	90	0.7926	0.000
2330	2368	90	0.7662	0.000
2330	2384	90	0.7818	0.000
2330	2429	90	0.826	-0.000
2330	2442	90	0.8026	-0.000
2330	2448	90	0.7917	-0.000
2330	2454	90	0.805	-0.000
2330	2460	90	0.8074	-0.000
2429	2454	90	0.9245	-0.000
2442	2454	90	0.9003	0.000
2448	2454	90	0.912	0.000
2454	2460	90	0.9023	0.000
2429	2442	90	0.9043	-0.000
2442	2448	90	0.9004	0.000
2442	2460	90	0.9021	0.000
2343	2368	90	0.9794	0.000
2368	2384	90	0.9597	0.000
2368	2412	90	0.9725	0.000
2343	2412	90	0.9638	0.000
2384	2412	90	0.9697	0.000
2429	2460	90	0.9068	-0.000
2448	2460	90	0.9117	0.000
2429	2448	90	0.9185	-0.000
2343	2384	90	0.9649	0.000
1692	1803	91	0.8768	14.016
448	1097	91	0.9428	0.984
448	1803	91	0.9639	-17.026
448	1804	91	0.9782	0.000
448	2163	91	0.8885	1.968
448	2178	91	0.9138	0.984
1430	1539	91	0.9594	14.016
1430	2178	91	0.9728	17.015
1097	1430	91	0.9491	-17.015
1804	2163	91	0.8943	1.968
1097	1804	91	0.9304	-0.984
1097	2178	91	0.9271	-0.000
1803	1804	91	0.9554	17.027
1804	2178	91	0.9065	0.984
24	41	92	0.839	-0.061
41	1004	92	0.7126	53.052
894	895	92	0.9191	-17.026
894	1004	92	0.9543	33.961
895	1009	92	0.9256	33.961
313	1004	92	0.8111	-14.016
1004	1009	92	0.9062	-17.027
1009	1157	92	0.8113	-31.990
1419	1502	97	0.7536	44.026
125	1007	98	0.8828	53.048
1524	1822	100	0.961	-43.990
1822	1880	100	0.955	27.995
1524	1880	100	0.9249	-15.995
1684	1880	100	0.9271	14.016
483	552	101	0.8824	99.068
552	1049	101	0.9452	-17.026
1049	1457	101	0.8469	113.084
483	932	101	0.942	-17.027
932	1049	101	0.8837	99.069
932	1173	101	0.9068	-129.042
1049	1055	101	0.785	-0.916
1049	1173	101	0.8291	-228.111
1108	1173	101	0.8438	-114.044
1285	1287	102	0.921	-67.987
1286	1287	102	0.9521	135.975
1287	1288	102	0.9754	-67.987
1287	1290	102	0.8809	-203.962
1287	1294	102	0.939	135.975
1287	1295	102	0.9441	-101.981
1287	1298	102	0.9398	-33.994
1287	1301	102	0.9404	-169.968
1287	1302	102	0.9258	33.994
1287	1303	102	0.9346	-237.956
1285	1301	102	0.9408	-237.956
1286	1301	102	0.9393	-33.994
1288	1301	102	0.9442	-101.981
1290	1301	102	0.9352	33.994
1291	1301	102	0.9405	135.975
1294	1301	102	0.9388	-305.943
1295	1301	102	0.9307	-67.987
1298	1301	102	0.9402	-135.975
1301	1303	102	0.9794	-67.987
1285	1298	102	0.948	-101.981
1286	1298	102	0.922	101.981
1288	1298	102	0.9385	33.994
1291	1298	102	0.925	271.950
1294	1298	102	0.9521	-169.969
1295	1298	102	0.9586	67.987
1298	1302	102	0.9753	67.987
1285	1295	102	0.9442	-169.969
1286	1295	102	0.9336	33.994
1288	1295	102	0.9461	-33.994
1291	1295	102	0.9316	203.962
1294	1295	102	0.9466	-237.956
1295	1300	102	0.9381	-271.950
1295	1303	102	0.9437	-135.975
1286	1291	102	0.8774	-169.969
1289	1291	102	0.9387	203.963
1290	1291	102	0.8936	-101.981
1291	1292	102	0.9561	-135.975
1291	1300	102	0.9287	-67.988
1291	1302	102	0.895	339.937
1291	1303	102	0.945	67.988
1285	1288	102	0.9597	-135.975
1286	1288	102	0.9474	67.987
1288	1290	102	0.9621	-135.975
1288	1294	102	0.9287	203.962
1288	1302	102	0.9176	101.981
1288	1303	102	0.9313	-169.969
1286	1290	102	0.967	-67.987
1290	1294	102	0.8813	339.937
1290	1303	102	0.9375	-33.994
1289	1300	102	0.9536	135.975
1292	1300	102	0.974	67.988
1300	1303	102	0.9412	135.975
1285	1303	102	0.9285	-305.943
1286	1303	102	0.9328	-101.981
1294	1303	102	0.9172	-373.931
1285	1294	102	0.9655	67.987
1294	1302	102	0.9506	-101.981
1285	1286	102	0.9371	-203.962
1286	1302	102	0.8957	169.969
1289	1292	102	0.9823	67.988
1285	1302	102	0.939	-33.994
748	918	103	0.9483	-13.980
1602	2318	104	0.9037	54.011
2276	2318	104	0.8879	14.016
2318	2329	104	0.9979	-0.025
1919	1922	104	0.949	-33.984
1919	1963	104	0.8972	-0.000
1919	2042	104	0.9152	-17.957
1919	2051	104	0.9339	14.015
1919	2092	104	0.9168	16.031
1919	2219	104	0.9678	-49.979
1919	2316	104	0.8963	42.047
1919	2357	104	0.9065	-15.959
1919	2370	104	0.9015	26.052
1919	2383	104	0.9127	-1.943
1890	1963	104	0.9531	33.984
1963	2042	104	0.8956	-17.957
1963	2089	104	0.9694	14.016
1963	2092	104	0.9278	16.031
1963	2130	104	0.9386	-49.980
1963	2370	104	0.9098	26.052
1890	2370	104	0.9018	60.036
2042	2370	104	0.8999	44.009
2089	2370	104	0.899	12.036
2130	2370	104	0.8934	76.032
2276	2370	104	0.9174	-15.995
2316	2402	104	0.9114	14.016
1922	2051	104	0.9577	48.000
1922	2219	104	0.9151	-15.995
1922	2316	104	0.9107	76.031
1922	2357	104	0.9391	18.026
1922	2383	104	0.9262	32.041
2051	2092	104	0.8923	2.016
2051	2219	104	0.9205	-63.995
2051	2236	104	0.9037	2.016
2051	2316	104	0.9522	28.031
2051	2357	104	0.9424	-29.974
2051	2383	104	0.9397	-15.958
2092	2219	104	0.9105	-66.011
2219	2316	104	0.8893	92.026
2219	2357	104	0.9153	34.021
2219	2383	104	0.9085	48.036
2236	2357	104	0.8924	-31.990
2316	2357	104	0.9366	-58.005
2357	2383	104	0.9241	14.016
1602	2329	104	0.9007	53.986
2276	2329	104	0.8834	13.991
2089	2276	104	0.8923	28.031
2092	2276	104	0.9232	26.016
2092	2236	104	0.8973	-0.000
2236	2316	104	0.8908	26.016
2236	2404	104	0.8841	-16.990
2316	2404	104	0.8823	-43.006
1890	2130	104	0.9354	-15.996
2042	2130	104	0.8944	-32.023
2089	2130	104	0.9232	-63.995
2092	2130	104	0.8994	-66.011
1890	2042	104	0.9117	16.028
2042	2089	104	0.881	31.972
2383	2400	104	0.8987	27.995
1890	2092	104	0.8983	50.015
2089	2092	104	0.9123	2.016
2092	2383	104	0.8903	-17.974
2316	2383	104	0.938	-43.990
1890	2089	104	0.9392	48.000
461	472	105	0.8895	0.975
469	472	105	0.9741	-0.026
461	469	105	0.8824	1.001
1263	1282	106	0.9648	33.984
1263	1334	106	0.9574	33.984
1263	1511	106	0.9469	48.000
1263	1576	106	0.945	50.015
1263	1639	106	0.9469	-15.995
1263	2007	106	0.9071	60.036
1238	1263	106	0.9444	-50.016
1282	1334	106	0.9671	0.000
1334	1511	106	0.9794	14.016
1334	1576	106	0.9218	16.031
1334	1639	106	0.9297	-49.979
1238	1334	106	0.9208	-16.031
847	1576	106	0.9045	58.020
1238	1282	106	0.9262	-16.031
1238	1511	106	0.9119	-2.016
1238	1576	106	0.9854	-0.000
1238	1586	106	0.9459	-244.158
1282	1511	106	0.9556	14.016
1282	1576	106	0.93	16.031
1282	1639	106	0.9225	-49.979
1576	1586	106	0.9545	-244.158
1511	1576	106	0.9143	2.015
1893	2007	106	0.9231	14.016
1511	1639	106	0.9143	-63.995
60	2470	107	0.749	-5.959
513	514	108	0.9203	1.004
513	569	108	0.8861	1.014
514	569	108	0.9513	0.010
612	621	109	0.9243	1.003
824	840	111	0.9581	0.000
824	1152	111	0.8684	42.047
824	1347	111	0.8705	56.063
840	946	111	0.8853	16.031
946	1011	111	0.9289	0.000
946	1152	111	0.9305	26.016
946	1347	111	0.9351	40.031
840	1152	111	0.9084	42.047
1152	1347	111	0.9796	14.016
840	1347	111	0.9045	56.063
1245	1806	112	0.904	-16.990
1719	1806	112	0.929	-27.011
129	168	113	0.8649	-2.016
151	168	113	0.7786	-97.053
317	928	114	0.9382	-15.959
352	928	114	0.9354	-29.974
365	928	114	0.9235	18.026
543	928	114	0.9129	16.031
317	352	114	0.9811	14.016
352	365	114	0.9557	-48.000
352	1402	114	0.9281	-37.991
317	399	114	0.9101	-17.956
317	365	114	0.9624	-33.984
365	1402	114	0.9237	10.009
543	645	114	0.9409	14.016
317	1402	114	0.9191	-23.975
1554	1713	116	0.9027	-30.011
1706	2322	118	0.8862	54.011
219	248	119	0.9272	16.031
248	249	119	0.9751	18.010
248	259	119	0.9578	0.976
248	276	119	0.9292	0.976
248	277	119	0.9746	18.010
248	278	119	0.9766	0.000
248	295	119	0.929	0.976
248	312	119	0.9588	18.010
248	316	119	0.929	0.984
248	372	119	0.958	0.984
250	258	119	0.9938	0.000
258	277	119	0.9322	-24.000
219	294	119	0.9771	0.984
261	294	119	0.9541	-17.027
263	294	119	0.9841	-0.000
275	294	119	0.9578	-17.027
291	294	119	0.9499	-17.027
218	228	119	0.9871	0.057
218	261	119	0.937	-0.000
218	291	119	0.9358	-0.000
219	261	119	0.9619	18.010
228	261	119	0.9247	-0.058
261	263	119	0.9523	-17.027
261	275	119	0.9813	0.000
261	291	119	0.9901	0.000
249	259	119	0.9494	-17.035
259	276	119	0.9832	-0.000
259	277	119	0.9528	17.035
259	278	119	0.9424	-0.976
259	295	119	0.9826	0.000
259	312	119	0.9443	17.035
259	316	119	0.9826	0.008
259	372	119	0.9571	0.008
219	291	119	0.9596	18.011
263	291	119	0.9502	17.027
275	291	119	0.9745	0.000
277	291	119	0.9312	-16.031
291	353	119	0.9257	-33.984
219	263	119	0.974	0.984
263	275	119	0.9578	17.027
219	275	119	0.9706	18.010
249	278	119	0.9784	-18.010
277	278	119	0.9726	-18.010
278	312	119	0.958	18.010
278	372	119	0.9614	0.984
250	277	119	0.9292	-24.000
249	372	119	0.9603	-17.026
276	372	119	0.9463	0.008
277	372	119	0.9639	-17.026
295	372	119	0.95	0.008
312	372	119	0.9484	-17.026
316	372	119	0.95	0.000
249	276	119	0.9235	-17.035
276	277	119	0.9346	17.035
276	295	119	0.9913	0.000
276	312	119	0.9237	17.035
276	316	119	0.9913	0.008
353	357	119	0.9657	-17.027
295	316	119	1.0	0.008
249	353	119	0.9363	-50.016
249	312	119	0.9805	0.000
277	312	119	0.9781	0.000
249	277	119	0.9892	0.000
920	1213	120	0.9213	44.008
920	1258	120	0.8662	-15.994
1213	1258	120	0.8499	-60.002
320	322	121	0.8277	13.049
320	334	121	0.9228	-33.984
320	364	121	0.7944	-17.957
326	334	121	0.783	-48.000
334	364	121	0.8164	16.027
364	368	121	0.8346	-31.972
1846	2181	122	0.9212	28.031
1873	2181	122	0.9413	54.011
2173	2181	122	0.993	-0.573
1846	2107	122	0.8995	-43.990
777	898	123	0.9359	14.015
777	1169	123	0.9127	-1.979
1166	1236	123	0.909	-27.995
806	898	123	0.8984	14.016
806	1166	123	0.9411	57.046
806	1260	123	0.927	12.036
806	1418	123	0.9406	26.052
898	1454	123	0.8962	12.036
1260	1418	123	0.9405	14.016
1166	1260	123	0.9073	-45.010
898	1418	123	0.9031	12.036
1166	1418	123	0.956	-30.995
211	256	124	0.9457	0.000
997	1028	128	0.926	-0.000
1015	1028	128	0.7555	539.301
997	1015	128	0.7499	-539.301
1368	1372	130	0.9889	0.062
1450	1628	131	0.7321	368.133
1450	1631	131	0.8799	-0.985
1612	1677	133	0.9652	-0.000
1720	2164	138	0.8969	-131.106
929	953	141	0.7791	0.017
268	292	144	0.9996	0.000
292	300	144	0.9959	0.036
292	310	144	0.9966	0.036
268	300	144	0.9959	0.036
268	310	144	0.9969	0.036
300	310	144	0.9928	0.000
1441	1674	145	0.9004	-1.979
1608	1674	145	0.9313	-30.011
1674	1746	145	0.9421	14.016
1674	1750	145	0.8343	-27.011
1210	1674	145	0.907	12.036
1604	1608	145	0.8482	1.003
1441	1608	145	0.9214	28.031
1441	1746	145	0.9254	12.036
1441	1750	145	0.8355	-28.991
800	1441	145	0.8641	-71.074
1210	1441	145	0.9287	14.016
1746	1834	145	0.8235	0.000
453	800	145	0.876	-29.027
1608	1746	145	0.9429	-15.995
1608	1750	145	0.8367	-57.022
800	1608	145	0.8984	-43.043
1210	1608	145	0.943	42.047
1746	1750	145	0.8538	-41.027
800	1746	145	0.8517	-59.038
1210	1746	145	0.9194	26.052
800	1210	145	0.8612	-85.089
1025	1029	147	0.7274	1.003
477	478	148	0.7345	315.122
478	485	148	0.713	-200.080
477	485	148	0.9328	115.042
966	967	149	0.9422	17.027
966	1047	149	0.962	0.000
262	284	149	0.9482	0.000
284	285	149	0.9017	-18.011
262	967	149	0.9017	-28.031
967	1047	149	0.912	-17.026
179	181	149	0.9245	-18.011
179	235	149	0.9249	-18.011
179	285	149	0.9148	-18.011
235	262	149	0.9229	18.011
262	285	149	0.9275	-18.011
181	235	149	0.9541	0.000
235	285	149	0.9977	0.000
181	285	149	0.9512	0.000
1689	1894	150	0.9637	-58.006
1894	1978	150	0.9564	42.011
1894	1983	150	0.9366	14.016
1689	1978	150	0.9433	-15.995
870	1020	151	0.9019	147.068
870	1102	151	0.8681	147.069
1020	1102	151	0.9323	0.000
223	1020	151	0.8423	-115.064
2242	2303	152	0.8997	-30.010
2242	2358	152	0.9128	-15.994
2303	2358	152	0.9678	14.015
1133	1160	153	0.9624	0.000
487	658	154	0.9413	42.047
658	705	154	0.9347	-30.012
487	705	154	0.9321	12.035
719	815	156	0.7826	99.068
689	719	156	0.9393	-0.082
1512	1835	158	0.8736	28.031
305	318	161	0.9751	0.000
1737	1903	163	0.8667	-18.009
1903	2100	163	0.7776	-79.967
1903	2121	163	0.8028	-79.967
1737	2121	163	0.7921	-97.977
2100	2121	163	0.9255	0.000
1122	1737	163	0.703	-456.151
1737	2100	163	0.7536	-97.977
1400	1758	164	0.9052	-29.044
1187	1400	164	0.9432	0.000
1601	1758	164	0.9464	14.016
437	1187	164	0.9333	14.033
2211	2307	166	0.8073	-0.984
2215	2307	166	0.8133	72.020
2289	2307	166	0.8918	72.021
2205	2211	166	0.9065	72.021
2205	2214	166	0.7971	129.042
2205	2215	166	0.9126	-0.983
2205	2289	166	0.8549	-0.984
2211	2214	166	0.8167	57.021
2215	2289	166	0.8687	-0.001
1378	1861	167	0.7579	170.106
1726	1861	167	0.8134	0.984
1205	1861	167	0.7117	114.068
1205	1428	167	0.7594	-87.033
1205	1726	167	0.7121	113.084
1721	1726	167	0.7704	333.154
1721	1727	167	0.9312	-27.011
1726	1727	167	0.7985	-360.165
1378	1463	167	0.7188	-129.043
1463	1526	167	0.8092	-0.984
1726	1772	167	0.7008	-0.984
1378	1526	167	0.7125	-130.026
465	468	169	0.9507	200.116
468	518	169	0.9089	-200.261
465	518	169	0.9082	-0.145
666	709	170	0.895	25.068
709	1115	170	0.8474	85.964
753	1115	170	0.8599	-114.044
666	1115	170	0.8722	111.033
910	1110	172	0.9126	-12.995
1017	1110	172	0.8954	-27.011
797	910	172	0.8988	-30.011
797	1017	172	0.9161	-15.995
910	1017	172	0.9635	14.016
1355	1356	173	0.7439	-18.011
672	681	174	0.8998	-131.038
681	685	174	0.9043	145.053
681	699	174	0.9765	39.011
669	684	174	0.9376	-166.996
672	684	174	0.9609	-18.886
684	685	174	0.9597	32.901
684	700	174	0.9462	6.886
682	700	174	0.9174	-410.253
669	672	174	0.9446	-148.110
669	685	174	0.9425	-134.095
669	700	174	0.9417	-160.110
672	699	174	0.8848	-92.027
685	699	174	0.8921	-106.042
672	700	174	0.9496	-12.000
685	700	174	0.945	-26.015
672	685	174	0.9816	14.015
1870	1925	176	0.9601	0.001
1986	2026	178	0.9653	-0.000
2026	2136	178	0.957	14.015
1895	2043	178	0.9276	14.015
1930	2043	178	0.9501	14.015
2043	2309	178	0.9218	-29.974
1895	1939	178	0.93	14.016
1930	1939	178	0.9099	14.016
1939	1966	178	0.9129	-0.000
1939	1986	178	0.9117	-30.010
1939	2075	178	0.9123	14.015
1895	1930	178	0.9163	0.000
1930	1966	178	0.9551	14.015
1930	1968	178	0.9083	-30.011
1895	1966	178	0.9138	14.016
1966	1968	178	0.9091	-44.026
1176	1966	178	0.9113	54.011
1968	1986	178	0.9064	14.016
1986	2136	178	0.9647	14.015
2081	2136	178	0.9178	14.016
1968	2081	178	0.9207	14.015
321	355	183	0.9022	45.951
355	1477	183	0.8821	25.032
1477	1480	183	0.8815	-18.011
103	193	184	0.9198	42.047
104	193	184	0.9029	76.031
152	193	184	0.9411	14.015
193	220	184	0.9065	14.016
193	243	184	0.9831	0.000
99	104	184	0.9162	-14.016
103	104	184	0.9468	-33.984
104	108	184	0.9618	48.000
104	120	184	0.9542	30.044
103	120	184	0.934	-3.940
108	120	184	0.9497	-17.956
99	103	184	0.9266	19.969
103	108	184	0.9622	14.016
103	243	184	0.9173	42.047
99	108	184	0.9241	33.984
108	152	184	0.9044	14.016
152	243	184	0.9441	14.016
220	243	184	0.9048	-14.016
587	732	185	0.9642	42.047
629	732	185	0.9626	76.031
732	812	185	0.9772	14.016
732	850	185	0.9722	-30.011
732	907	185	0.9692	-15.995
732	985	185	0.9519	-43.006
587	907	185	0.9718	26.052
629	907	185	0.9591	60.036
634	907	185	0.9144	12.036
812	907	185	0.9778	-30.011
850	907	185	0.9768	14.015
907	985	185	0.9429	-27.011
587	629	185	0.9611	-33.985
587	634	185	0.9214	14.016
587	812	185	0.9781	56.062
587	850	185	0.9672	12.036
587	985	185	0.9638	-0.959
629	985	185	0.9462	33.026
634	985	185	0.9045	-14.975
812	985	185	0.956	-57.021
850	985	185	0.9554	-12.995
629	850	185	0.9611	46.021
634	850	185	0.9146	-1.979
812	850	185	0.9724	-44.026
629	634	185	0.9064	48.000
629	812	185	0.9647	90.047
634	812	185	0.9306	42.047
1379	1438	186	0.9629	-0.000
1293	1306	187	0.8289	135.975
1296	1306	187	0.8869	271.950
1297	1306	187	0.898	203.963
1299	1306	187	0.9232	67.988
1305	1306	187	0.832	272.953
1306	1308	187	0.9553	135.975
1306	1310	187	0.8283	-340.941
1293	1299	187	0.9756	67.987
1296	1299	187	0.9547	203.962
1297	1299	187	0.9574	135.975
1299	1305	187	0.8521	-204.966
1299	1308	187	0.8745	203.963
1299	1310	187	0.8429	-272.953
1293	1308	187	0.8668	271.950
1297	1308	187	0.8355	339.938
1293	1297	187	0.9404	-67.987
1296	1297	187	0.9807	67.987
1297	1305	187	0.889	-68.991
1297	1310	187	0.8854	-136.978
1293	1296	187	0.9618	-135.975
1293	1305	187	0.8824	-136.978
1293	1310	187	0.8512	-204.965
1296	1305	187	0.878	-1.003
1305	1310	187	0.9698	-67.987
1296	1310	187	0.8657	-68.990
1596	1701	188	0.8219	87.032
155	166	189	1.0	0.010
155	273	189	0.8494	13.041
155	503	189	0.8495	13.042
166	273	189	0.8494	13.032
166	503	189	0.8495	13.032
273	503	189	0.978	0.000
499	508	190	0.7982	-267.096
499	512	190	0.7878	-426.284
508	512	190	0.9439	-159.188
677	686	192	0.8871	14.015
677	698	192	0.9377	-92.026
676	688	192	0.9564	-203.006
686	688	192	0.9611	-32.901
1705	1971	194	0.8693	42.047
1589	1603	195	0.9117	0.984
1655	1663	197	0.9686	0.033
1656	1663	197	0.826	1.037
1657	1663	197	0.9586	108.103
1655	1656	197	0.7994	-1.004
1655	1657	197	0.9538	-108.070
1656	1657	197	0.7982	-107.066
814	1662	198	0.9256	0.947
947	1662	198	0.892	-0.036
814	947	198	0.9631	0.984
680	683	199	0.9342	-1.003
527	556	201	0.9337	85.052
540	556	201	0.9122	182.105
544	556	201	0.9561	29.938
554	556	201	0.9398	97.053
556	557	201	0.9393	12.073
556	578	201	0.9391	-112.975
556	605	201	0.9013	-216.089
463	527	201	0.8844	113.011
527	540	201	0.9348	-97.053
527	544	201	0.937	55.115
527	554	201	0.9454	-12.000
527	557	201	0.9395	97.125
527	578	201	0.9307	-27.922
527	605	201	0.8951	-131.037
544	564	201	0.8666	-263.163
554	564	201	0.8823	-196.048
564	578	201	0.889	180.126
510	605	201	0.8776	113.084
540	544	201	0.9129	152.167
544	554	201	0.9665	-67.115
544	557	201	0.9456	42.011
544	578	201	0.9613	-83.037
544	605	201	0.8995	-186.152
540	605	201	0.885	-33.984
554	605	201	0.9104	-119.037
557	605	201	0.888	-228.162
578	605	201	0.9183	-103.115
540	578	201	0.909	69.130
554	578	201	0.9707	-15.922
557	578	201	0.9475	-125.048
540	557	201	0.9118	194.178
554	557	201	0.9462	109.125
540	554	201	0.9204	85.052
231	307	202	0.9724	0.000
231	551	202	0.8994	-15.996
231	697	202	0.8594	-20.060
231	861	202	0.9047	-18.010
351	618	202	0.8902	111.030
565	618	202	0.946	0.001
618	861	202	0.8572	16.067
618	940	202	0.8958	90.049
351	565	202	0.8462	111.029
565	940	202	0.8345	90.050
307	551	202	0.9015	-15.996
307	697	202	0.8555	-20.060
307	861	202	0.9069	-18.010
697	861	202	0.8405	2.049
351	940	202	0.8562	201.079
551	1200	202	0.8642	-18.010
861	1200	202	0.8529	-15.995
375	551	202	0.8232	16.978
551	861	202	0.8276	-2.015
1710	2116	203	0.9056	12.037
2015	2116	203	0.9035	14.015
2029	2170	203	0.9177	48.000
2117	2170	203	0.9087	0.000
2016	2374	203	0.9247	-15.959
1710	1864	203	0.9162	14.016
1864	2117	203	0.9272	-29.975
1864	2203	203	0.906	42.047
1864	2212	203	0.9052	12.037
1864	2225	203	0.9043	-29.974
1864	2237	203	0.9352	-14.975
1864	2459	203	0.9048	-29.026
2237	2459	203	0.91	-14.052
2239	2459	203	0.9267	-0.036
2029	2417	203	0.9012	33.025
2344	2417	203	0.9142	-43.006
1710	1972	203	0.9124	-29.973
1710	2015	203	0.9609	-1.979
1710	2017	203	0.9186	-29.973
1710	2097	203	0.9132	-14.974
1710	2117	203	0.913	-15.958
1748	2117	203	0.9055	-16.031
2097	2237	203	0.9286	14.015
1972	2097	203	0.9417	14.999
2017	2097	203	0.9283	14.999
2016	2115	203	0.9454	14.015
2115	2212	203	0.9468	-30.010
1972	2017	203	0.9559	-0.000
2015	2017	203	0.9179	-27.995
2017	2117	203	0.9169	14.015
2286	2344	203	0.9024	-58.005
2029	2344	203	0.9107	76.031
1972	2015	203	0.9079	27.995
1972	2117	203	0.917	14.015
2029	2117	203	0.9016	47.999
2244	2247	204	0.8068	-1.003
1898	2053	205	0.9618	14.015
535	758	208	0.9582	56.063
535	914	208	0.9624	26.052
535	993	208	0.9488	-0.959
758	993	208	0.9443	-57.022
914	993	208	0.9444	-27.010
418	914	208	0.8835	26.015
758	914	208	0.958	-30.011
1537	1538	211	0.901	0.500
1538	1541	211	0.8675	-355.671
1536	1541	211	0.902	-364.146
2243	2250	216	0.9633	-0.000
1192	1405	219	0.9212	14.016
15	225	220	0.9628	0.000
15	19	220	0.9227	-18.011
14	17	221	0.8759	-0.005
2044	2106	222	0.9268	14.016
2044	2133	222	0.9287	14.016
1493	1728	222	0.9205	16.031
1551	1728	222	0.8914	-30.011
1691	1728	222	0.8717	14.016
1572	2106	222	0.8611	26.052
2106	2133	222	0.9703	-0.000
1498	1699	222	0.9453	14.015
1691	1699	222	0.8907	44.027
1699	1840	222	0.9451	-30.010
1572	1840	222	0.932	16.031
1498	1691	222	0.9017	-30.011
1498	1840	222	0.9581	-15.995
1691	1840	222	0.9159	14.016
77	167	224	0.8768	-0.995
878	908	225	0.9605	-0.000
2128	2132	228	0.8513	1.002
1243	1256	230	0.7153	-260.116
1243	1259	230	0.7229	-189.079
1243	1350	230	0.806	-30.011
1243	1478	230	0.7136	-128.059
1234	1243	230	0.8833	14.015
1256	1478	230	0.719	132.057
1234	1350	230	0.7555	-15.995
1256	1259	230	0.8168	71.037
1256	1350	230	0.7011	230.106
1695	1776	232	0.8293	28.049
1695	1828	232	0.9167	0.001
1776	1828	232	0.8146	-28.049
656	664	235	0.9659	0.000
2441	2461	237	0.8566	-0.000
646	740	239	0.881	113.085
740	816	239	0.9168	147.068
1062	1147	240	0.7175	-419.217
1130	1147	240	0.9308	0.001
1062	1130	240	0.7238	-419.217
1567	1694	242	0.8733	26.016
1131	1567	242	0.8643	113.084
927	1231	243	0.8969	-115.027
2011	2023	244	0.7131	-0.482
1516	1675	245	0.8169	-57.022
1675	2449	245	0.808	-17.956
1516	1676	245	0.8217	14.015
2185	2201	248	0.7752	-146.106
1650	1859	249	0.8415	-129.042
1764	1859	249	0.7504	-129.043
121	132	250	0.7224	14.016
1607	2191	251	0.8079	111.032
2189	2191	251	0.8159	-0.000
2191	2223	251	0.8196	-30.011
2191	2267	251	0.9095	-15.995
2191	2376	251	0.8248	71.037
2191	2428	251	0.8012	71.037
2191	2430	251	0.8142	71.037
2112	2430	251	0.9409	0.000
2190	2430	251	0.9383	0.001
2376	2430	251	0.9177	-0.000
2413	2430	251	0.9229	-0.000
2428	2430	251	0.9204	0.000
2430	2446	251	0.9265	0.000
1933	1938	251	0.8064	-0.000
1938	2156	251	0.815	-15.996
2112	2190	251	0.9738	-0.000
2112	2376	251	0.9325	0.000
2112	2413	251	0.9514	0.001
2112	2428	251	0.9127	0.000
2112	2446	251	0.9301	0.000
2111	2156	251	0.8268	-0.000
2111	2199	251	0.9257	-0.000
2190	2376	251	0.9283	0.001
2376	2413	251	0.9286	0.000
2376	2428	251	0.9296	-0.000
2376	2446	251	0.9208	0.000
2190	2428	251	0.9161	0.001
2413	2428	251	0.9249	-0.000
2428	2446	251	0.9126	0.000
2223	2267	251	0.8895	14.016
2190	2413	251	0.9509	0.001
2190	2446	251	0.9297	0.001
2413	2446	251	0.9176	-0.000
1607	2223	251	0.8276	81.021
1607	2156	251	0.8345	-18.011
2156	2199	251	0.8148	0.000
1464	1734	254	0.8403	-58.006
1464	1740	254	0.8461	-15.995
750	1464	254	0.8546	-18.011
456	750	254	0.8417	-15.995
376	413	255	0.9669	-0.000
413	1151	255	0.9676	-0.000
376	1151	255	0.9436	-0.000
1473	1700	257	0.919	-15.995
1420	1700	257	0.8592	-87.032
1420	1682	257	0.9153	99.068
1246	1458	259	0.9281	-58.006
1397	1458	259	0.9455	0.000
867	905	259	0.9549	-0.000
905	1397	259	0.8837	-15.959
1198	1397	259	0.8841	-58.006
1246	1397	259	0.9358	-58.006
1003	1585	260	0.8986	12.036
1262	1398	260	0.9181	14.016
1398	1585	260	0.9261	14.016
1139	1398	260	0.8895	-15.995
715	987	262	0.9466	113.084
754	987	262	0.9217	99.069
975	987	262	0.9735	0.000
987	1798	262	0.9032	-27.047
386	715	262	0.9107	97.016
386	887	262	0.9388	-17.027
1031	1156	262	0.941	0.001
715	754	262	0.9512	14.015
754	975	262	0.923	99.069
975	1798	262	0.9154	-27.047
1156	1798	262	0.9057	33.948
715	975	262	0.9368	113.084
1929	2188	264	0.8071	-15.996
1929	2139	264	0.8213	133.033
109	127	267	1.0	-0.010
1376	1497	268	0.8967	14.016
474	475	269	1.0	-0.006
1274	1276	271	0.9437	18.011
293	1276	271	0.9516	14.016
325	1276	271	0.9793	0.000
1120	1276	271	0.9513	14.016
293	1119	271	0.9502	-18.010
1119	1120	271	0.945	18.011
293	1120	271	0.977	0.000
325	1120	271	0.9404	-14.016
293	325	271	0.9397	14.016
325	1274	271	0.9316	-18.011
293	356	271	0.9233	-34.003
343	356	271	0.9859	-0.019
2240	2396	273	0.7546	-129.042
957	1026	274	0.9041	147.069
509	560	275	0.8984	147.068
1053	1054	278	0.764	1.003
1054	1466	278	0.707	268.133
1280	1466	278	0.8246	-58.006
1237	1466	278	0.7713	-115.027
1237	1280	278	0.7438	-57.022
726	892	279	0.832	14.016
891	892	279	0.9637	-17.027
892	1404	279	0.8309	-50.027
1823	1871	281	0.9788	-0.000
1823	2005	281	0.9714	14.016
1823	2052	281	0.9413	-49.979
1823	2198	281	0.9363	42.047
1871	2005	281	0.979	14.016
2005	2052	281	0.9408	-63.995
1871	2198	281	0.9211	42.047
2052	2198	281	0.926	92.026
1871	2052	281	0.9496	-49.979
183	208	283	0.839	14.016
208	252	283	0.9814	0.000
183	252	283	0.8313	14.016
1782	1797	284	0.8299	-191.129
1782	1815	284	0.8574	-263.088
1767	2152	287	0.9147	12.037
821	1030	289	0.8494	147.068
821	822	289	0.8696	-1.003
1163	1393	290	0.8307	14.015
826	835	291	0.8901	-213.027
331	335	296	0.8545	228.111
335	337	296	0.8061	-1.003
335	339	296	0.8832	-357.136
335	1019	296	0.867	9.984
331	339	296	0.9659	-129.025
2143	2151	298	0.8914	-0.097
2143	2160	298	0.9492	0.000
2151	2160	298	0.9369	0.097
566	593	299	0.8901	14.016
572	593	299	0.9123	-99.068
593	608	299	0.9041	97.055
566	572	299	0.8923	113.084
572	608	299	0.9273	-2.014
761	779	300	0.8124	173.051
776	779	300	0.8047	145.053
673	774	300	0.7892	16.031
761	774	300	0.7967	75.998
774	776	300	0.8482	-48.000
761	776	300	0.8252	27.998
126	526	301	0.9325	-43.989
2076	2226	305	0.796	-243.086
1590	2040	306	0.8131	-29.974
2040	2346	306	0.7357	-114.079
1590	1623	306	0.7351	-0.001
495	803	307	0.9252	26.052
495	500	307	0.9278	-99.068
452	497	308	0.8901	14.016
497	504	308	0.8916	-48.001
497	756	308	0.8996	42.047
452	756	308	0.9553	56.062
504	756	308	0.931	90.047
452	504	308	0.9543	-33.985
974	1211	310	0.9185	-15.995
734	1211	310	0.8924	-1.946
160	189	311	0.7661	17.015
189	297	311	0.7405	84.014
113	160	311	0.8083	42.047
113	114	311	0.7536	130.063
367	369	315	0.8386	-1.003
691	717	320	0.7769	119.038
694	717	320	0.9605	-26.015
717	718	320	0.8914	-129.079
717	730	320	0.8309	-142.075
755	793	320	0.8245	64.068
691	730	320	0.8804	-23.036
694	730	320	0.836	-168.089
718	730	320	0.9129	-12.995
730	755	320	0.8213	51.069
691	694	320	0.786	145.053
694	718	320	0.9063	-155.094
691	718	320	0.8428	-10.041
1753	1763	322	0.9219	-0.037
1363	1774	324	0.7973	-15.995
1363	1916	324	0.7437	-46.005
1774	1916	324	0.8707	-30.010
439	538	326	0.8905	16.031
2119	2195	328	0.8452	-0.984
2195	2229	328	0.8496	72.021
1452	1749	332	0.8305	28.031
1749	1921	332	0.8621	-15.995
1197	1749	332	0.8295	39.995
1452	1518	332	0.8537	2.016
1452	1800	332	0.831	-1.979
1800	1921	332	0.8835	14.016
1452	1921	332	0.8426	12.037
1197	1921	332	0.8696	24.000
1193	1452	332	0.8539	83.001
662	941	334	0.8822	14.016
941	1652	334	0.84	-37.981
412	662	334	0.8981	14.016
1652	2232	334	0.887	-0.000
1809	1812	335	0.7659	-0.001
1809	2192	335	0.7159	242.125
1812	2192	335	0.7781	242.126
1412	1507	336	0.9022	-30.011
1412	1609	336	0.972	14.015
1839	1869	337	0.9825	0.070
1843	1869	337	0.9197	-0.000
1839	1843	337	0.9586	0.070
180	710	339	0.9175	-60.021
72	81	340	0.7908	-2.016
55	59	341	0.8879	18.011
55	67	341	0.87	28.031
198	330	345	0.9153	42.047
330	373	345	0.9168	14.016
373	492	345	0.9049	14.016
1382	1510	346	0.7056	-58.005
926	964	348	0.889	249.067
933	964	348	0.8839	426.248
926	933	348	0.9763	-177.182
547	559	349	0.9905	0.073
11	78	350	0.847	13.958
78	124	350	0.8896	0.057
78	222	350	0.8541	-0.000
78	227	350	0.8516	0.057
11	244	350	0.8521	-50.037
61	244	350	0.8423	-49.979
90	244	350	0.8814	-15.995
202	244	350	0.9728	-0.000
11	61	350	0.9882	-0.058
11	90	350	0.9106	-34.042
11	202	350	0.8676	-50.037
11	222	350	0.8578	13.958
11	227	350	0.8481	14.016
11	229	350	0.8535	-34.042
61	222	350	0.8634	14.016
124	222	350	0.8636	-0.057
222	227	350	0.9916	0.057
61	90	350	0.9205	-33.984
90	202	350	0.8804	-15.995
90	229	350	0.9115	0.000
61	202	350	0.8609	-49.979
61	227	350	0.8541	14.073
61	229	350	0.8543	-33.984
124	227	350	0.8648	0.000
1349	2172	352	0.8137	-0.959
2138	2172	352	0.9722	0.001
1349	2138	352	0.8282	-0.960
1729	1829	353	0.8461	14.016
1779	1829	353	0.9399	14.016
1829	1915	353	0.905	-13.032
1829	2070	353	0.8815	-13.032
1058	1829	353	0.8468	77.100
1707	2070	353	0.8456	-2.052
1779	2070	353	0.8779	0.984
1915	2070	353	0.875	-0.000
1591	1707	353	0.9144	-71.037
1707	1915	353	0.8937	-2.052
1779	1915	353	0.9043	0.984
2296	2366	357	0.7701	308.159
2296	2386	357	0.7588	146.105
2366	2386	357	0.7585	-162.053
2386	2418	357	0.7877	-0.000
2366	2418	357	0.9228	-162.053
2427	2431	360	0.9427	-259.076
2431	2439	360	0.9441	259.076
2431	2447	360	0.9757	258.620
2427	2439	360	0.9785	-0.001
2427	2447	360	0.9318	-0.456
2439	2447	360	0.9437	-0.456
2049	2095	362	0.8892	14.016
2095	2102	362	0.9168	0.011
1886	1888	363	0.7036	318.155
2034	2103	366	0.9357	31.972
846	902	369	0.9612	0.000
902	1270	369	0.8159	70.006
846	1618	369	0.8078	-18.011
846	1533	369	0.8013	-17.027
846	1270	369	0.8055	70.006
1838	1985	370	0.8948	14.016
1838	2202	370	0.8994	42.047
1838	2273	370	0.9226	56.062
1946	1985	370	0.9321	87.011
1985	2202	370	0.9553	28.031
2202	2273	370	0.8846	14.016
877	881	371	0.8431	-1.003
881	912	371	0.8485	1.003
197	912	371	0.864	70.005
251	912	371	0.8566	70.005
541	912	371	0.8442	98.000
877	912	371	0.951	-0.000
912	1050	371	0.8828	-115.027
912	1106	371	0.8724	-115.027
912	1264	371	0.8428	-202.059
197	251	371	0.9662	0.000
197	541	371	0.89	-27.995
197	877	371	0.8711	70.006
197	1050	371	0.9115	-45.021
197	1106	371	0.8945	-45.021
197	1264	371	0.8425	-132.053
251	1264	371	0.8393	-132.053
541	1264	371	0.9015	-104.059
877	1264	371	0.8434	-202.059
1050	1264	371	0.9198	-87.032
1106	1264	371	0.9165	-87.032
251	1050	371	0.9045	-45.021
541	1050	371	0.9597	-17.027
877	1050	371	0.8782	-115.027
1050	1106	371	0.9715	-0.000
251	877	371	0.8594	70.006
541	877	371	0.839	98.000
877	1106	371	0.8813	-115.027
251	541	371	0.8842	-27.995
251	1106	371	0.8899	-45.021
541	1106	371	0.9607	-17.027
1999	2105	372	0.9523	14.016
654	1453	376	0.8267	-128.095
654	1492	376	0.8245	-128.095
1453	1492	376	0.9803	0.000
1500	1520	379	0.884	-0.038
1500	1521	379	0.9146	0.019
1520	1521	379	0.9576	0.057
329	391	380	0.838	-297.132
332	391	380	0.859	-297.132
329	332	380	0.9342	0.000
1562	1955	383	0.8332	113.085
427	534	386	0.9026	16.029
1353	1354	387	0.7932	-1.003
1796	2094	388	0.894	-29.975
992	1442	389	0.7154	86.073
1605	1708	390	0.9002	-27.011
3	5	392	0.7228	387.121
2355	2382	394	0.8859	0.000
2184	2221	395	0.8497	-0.000
1113	1268	396	0.8932	16.979
1491	1505	403	0.812	-0.022
1948	2027	405	0.836	-0.000
1564	1673	405	0.8718	-0.000
1564	1793	405	0.8508	-87.032
1793	1948	405	0.88	-156.053
550	641	406	0.9036	15.018
641	791	406	0.9409	-63.995
459	921	407	0.9283	11.963
792	921	407	0.9915	14.016
921	1560	407	0.955	-16.990
459	792	407	0.948	-2.052
789	792	407	0.9691	33.984
792	1036	407	0.9374	-49.979
792	1470	407	0.9435	2.052
459	1470	407	0.9839	-0.000
1370	1560	407	0.9796	14.016
831	939	410	0.9243	99.068
939	954	410	0.9663	0.000
831	832	410	0.7314	561.312
832	833	410	0.9257	0.502
831	954	410	0.9072	99.068
831	833	410	0.7179	561.814
203	257	411	0.9576	0.000
257	304	411	0.847	0.036
707	1794	415	0.8903	86.037
707	712	415	0.9268	-1.003
977	990	416	0.9288	-0.023
2220	2270	418	0.906	14.016
192	711	419	0.7922	-48.001
1165	2064	424	0.7907	-18.090
644	723	426	0.9404	14.016
1275	1277	428	0.7995	1.003
1645	1646	430	0.8057	-1.006
1645	1653	430	0.9806	0.031
642	1645	430	0.8772	-74.078
1646	1741	430	0.8103	0.076
2030	2083	435	0.8061	-57.022
1099	1142	437	0.7801	0.000
1433	1926	439	0.7008	-17.026
1433	2004	439	0.722	-17.027
1433	2006	439	0.7029	-17.027
1777	1926	439	0.9134	-128.059
1926	2004	439	0.7959	-0.000
1926	2006	439	0.9757	-0.000
2004	2006	439	0.7986	-0.000
1777	2006	439	0.9178	-128.059
1670	1735	441	0.8887	-101.048
1235	1735	441	0.8955	-18.011
1235	1670	441	0.7689	83.036
764	772	442	0.9911	-0.001
768	772	442	0.9889	0.111
772	980	442	0.7709	26.907
764	768	442	0.9981	-0.113
764	980	442	0.7624	26.905
768	980	442	0.7716	27.018
444	592	443	0.9169	16.031
444	674	443	0.9576	42.047
444	837	443	0.9523	56.062
674	794	443	0.9487	14.016
592	837	443	0.9144	40.031
674	837	443	0.9623	14.016
1048	1103	445	0.843	-44.015
1994	2003	448	0.8019	0.991
1394	1563	449	0.7853	-30.011
934	994	450	0.9635	0.033
956	994	450	0.9569	0.033
969	994	450	0.9422	-0.000
934	956	450	0.9571	0.000
934	969	450	0.9398	0.034
956	969	450	0.9378	0.034
1959	2045	454	0.7758	8.963
360	916	456	0.7451	-18.011
406	916	456	0.7637	-117.079
916	1037	456	0.8792	99.067
360	406	456	0.9092	99.068
360	1037	456	0.7946	81.057
406	1037	456	0.919	-18.012
1508	1659	458	0.7145	-87.033
1597	1668	463	0.9404	-27.995
1856	1942	465	0.7604	-101.048
49	58	466	0.9826	-0.117
984	1201	467	0.872	147.069
828	858	467	0.8822	99.069
984	1024	467	0.8545	-5.027
828	911	467	0.8648	99.069
911	1024	467	0.844	99.068
377	2467	469	0.8825	-120.950
2467	2469	469	0.8195	23.016
562	574	470	0.972	-15.922
2395	2399	471	0.7117	-0.000
603	625	474	0.9301	95.018
622	625	474	0.9375	-31.972
603	619	474	0.9018	-103.115
603	622	474	0.9231	126.990
2124	2367	476	0.8153	40.032
2301	2319	476	0.8078	-18.039
2319	2367	476	0.812	-56.957
1958	2473	480	0.85	-29.026
2466	2473	480	0.9413	0.000
1958	2466	480	0.8627	-29.026
232	303	483	0.9793	-0.000
1778	2326	485	0.8769	-18.011
142	194	487	0.9333	0.000
194	431	487	0.887	-17.974
142	431	487	0.8883	-17.974
1569	1643	490	0.9329	-27.011
1569	1697	490	0.8835	101.047
1023	1697	490	0.9252	26.051
191	970	493	0.7184	70.007
970	989	493	0.9836	-0.000
191	245	493	0.9798	-0.000
245	989	493	0.7205	70.007
191	989	493	0.7424	70.007
2166	2167	499	0.8608	-174.112
441	583	501	0.7209	-28.032
938	962	503	0.9619	0.000
938	1177	503	0.8965	99.069
938	1206	503	0.8908	-15.995
962	1177	503	0.91	99.069
1177	1484	503	0.9047	-15.995
962	1206	503	0.904	-15.995
1206	1484	503	0.8646	99.068
1751	1877	504	0.8863	0.984
2039	2207	508	0.9047	-15.995
2109	2207	508	0.8798	14.016
2174	2177	520	0.9303	-0.427
1786	1818	522	0.9506	0.079
950	1786	522	0.902	-1.110
950	1808	522	0.8614	128.012
1125	1808	522	0.8747	111.033
950	1125	522	0.9133	16.979
68	145	524	0.9343	-0.984
68	226	524	0.9048	-0.984
68	1005	524	0.9788	0.000
1386	1388	525	0.947	-17.027
2254	2311	526	0.8981	0.000
2311	2456	526	0.8205	-137.059
2254	2456	526	0.8222	-137.058
136	853	528	0.9373	-29.027
678	702	529	0.9742	-0.000
1901	2014	531	0.8805	-31.990
1987	2014	531	0.8715	0.011
1969	1987	531	0.9378	-0.028
1783	1819	532	0.9543	0.080
84	89	533	0.9093	88.052
84	92	533	0.9402	44.026
89	92	533	0.9209	-44.026
446	1014	536	0.9849	-0.000
446	1364	536	0.8163	-11.034
1014	1444	536	0.8431	29.993
1014	1364	536	0.8174	-11.034
1174	1718	547	0.8588	111.032
590	606	549	0.8699	126.991
1214	1636	551	0.7499	113.049
1225	1636	551	0.7992	113.084
1214	1225	551	0.9585	-0.035
549	568	552	0.9301	0.074
2321	2335	559	0.825	-1.155
2335	2336	559	0.836	1.003
2321	2336	559	0.953	-0.152
379	392	562	0.9762	0.036
1515	1525	568	0.8857	-27.995
2360	2381	573	0.8864	-27.995
706	741	578	0.8679	30.047
482	486	581	0.9902	0.073
486	507	581	0.9881	-0.073
482	507	581	0.9898	-0.000
960	1158	584	0.9118	0.001
455	521	585	0.8529	96.980
1842	1862	588	0.9577	-0.000
979	1842	588	0.8265	-128.094
979	1862	588	0.8212	-128.095
1390	1801	589	0.8478	-15.995
1801	2258	589	0.859	111.031
2258	2279	589	0.9169	0.000
1801	2279	589	0.8983	111.032
2464	2474	590	0.9883	0.000
2332	2406	594	0.9288	0.000
2406	2423	594	0.8682	0.000
2332	2423	594	0.8468	0.000
464	1184	596	0.8689	12.000
2468	2476	599	0.8651	0.984
2472	2476	599	0.8605	0.984
2468	2472	599	0.9362	0.000
735	782	600	0.8642	-33.984
236	247	603	0.7807	0.000
404	433	610	0.9652	-0.000
1762	1780	614	0.9495	-0.077
2118	2149	617	0.9062	-0.144
1714	1805	620	0.7256	-27.010
1714	1979	620	0.7189	-1.979
271	274	628	0.8677	-90.032
271	1360	628	0.716	3.002
1250	1269	634	0.9739	0.000
976	988	637	0.9671	0.000
1175	1212	656	0.743	0.001
1138	1219	665	0.7848	-101.048
2256	2371	666	0.8379	-162.053
1931	2084	667	0.9178	14.015
21	1217	674	0.7065	42.022
888	923	679	0.9307	-0.000
675	695	694	0.9217	-99.068
813	915	705	0.9057	14.015
1640	1671	709	0.9173	271.079
995	1272	710	0.9201	-15.995
1475	1610	721	0.8848	0.984
106	169	722	0.9669	-0.036
2157	2158	728	0.901	339.661
724	788	730	0.9352	14.016
400	876	733	0.7476	42.010
1396	1495	735	0.7058	-129.043
164	434	739	0.8389	-3.962
422	473	743	0.871	-27.995
1641	1702	772	0.7307	0.002
900	943	828	0.8821	-135.072
